,time,PWM,angle,load,vel
0,2.043051242828369,1.0,-45.0,4.0,0.0
1,2.0927515029907227,1.0,-45.0,16.0,0.0
2,2.1429431438446045,2.0,-45.0,42.0,1.0
3,2.18507981300354,4.0,-45.0,81.0,2.0
4,2.235477924346924,9.0,-45.0,117.0,8.0
5,2.286656379699707,17.0,-44.0,150.0,12.0
6,2.3351352214813232,29.0,-43.0,173.0,16.0
7,2.3761544227600098,44.0,-42.0,171.0,19.0
8,2.4307172298431396,58.0,-40.0,160.0,19.0
9,2.475874900817871,70.0,-39.0,153.0,15.0
10,2.5246148109436035,77.0,-39.0,151.0,9.0
11,2.5735690593719482,81.0,-38.0,153.0,4.0
12,2.6233134269714355,82.0,-38.0,162.0,0.0
13,2.665740966796875,82.0,-38.0,168.0,0.0
14,2.7150676250457764,82.0,-38.0,171.0,0.0
15,2.7642505168914795,82.0,-38.0,172.0,0.0
16,2.8146965503692627,82.0,-38.0,172.0,0.0
17,2.863269567489624,83.0,-38.0,172.0,0.0
18,2.904771089553833,83.0,-38.0,171.0,0.0
19,2.956059455871582,83.0,-38.0,171.0,0.0
20,3.005312442779541,83.0,-38.0,170.0,0.0
21,3.0550312995910645,83.0,-38.0,170.0,0.0
22,3.0973105430603027,83.0,-38.0,170.0,0.0
23,3.146422863006592,83.0,-38.0,170.0,0.0
24,3.1955068111419678,83.0,-38.0,170.0,0.0
25,3.2455246448516846,83.0,-38.0,170.0,0.0
26,3.2952687740325928,83.0,-38.0,170.0,0.0
27,3.3362269401550293,83.0,-38.0,170.0,0.0
28,3.3858957290649414,83.0,-38.0,170.0,0.0
29,3.4354865550994873,83.0,-38.0,170.0,0.0
30,3.4863219261169434,83.0,-38.0,170.0,0.0
31,3.5322794914245605,83.0,-38.0,170.0,0.0
32,3.577359199523926,83.0,-38.0,170.0,0.0
33,3.626779556274414,83.0,-38.0,170.0,0.0
34,3.676194429397583,83.0,-38.0,170.0,0.0
35,3.7253434658050537,83.0,-38.0,170.0,0.0
36,3.7752370834350586,83.0,-38.0,170.0,0.0
37,3.816291570663452,83.0,-38.0,170.0,0.0
38,3.8652687072753906,83.0,-38.0,170.0,0.0
39,3.914747953414917,83.0,-38.0,170.0,0.0
40,3.9648213386535645,83.0,-38.0,170.0,0.0
41,4.013088703155518,83.0,-38.0,170.0,0.0
42,4.062957048416138,83.0,-38.0,170.0,0.0
43,4.1051185131073,83.0,-38.0,170.0,0.0
44,4.154930353164673,83.0,-38.0,170.0,0.0
45,4.203342914581299,83.0,-38.0,170.0,0.0
46,4.252887010574341,83.0,-38.0,170.0,0.0
47,4.302348375320435,83.0,-38.0,170.0,0.0
48,4.344557046890259,83.0,-38.0,170.0,0.0
49,4.3944408893585205,83.0,-38.0,170.0,0.0
50,4.443492412567139,83.0,-38.0,170.0,0.0
51,4.493396520614624,83.0,-38.0,170.0,0.0
52,4.543207406997681,83.0,-38.0,170.0,0.0
53,4.585168123245239,83.0,-38.0,170.0,0.0
54,4.636414527893066,83.0,-38.0,170.0,0.0
55,4.683627605438232,83.0,-38.0,170.0,0.0
56,4.734546422958374,83.0,-38.0,170.0,0.0
57,4.782969236373901,83.0,-38.0,170.0,0.0
58,4.830990791320801,83.0,-38.0,170.0,0.0
59,4.87417459487915,83.0,-38.0,170.0,0.0
60,5.928969144821167,83.0,-38.0,210.0,0.0
61,5.978979110717773,88.0,-38.0,389.0,12.0
62,6.0293450355529785,136.0,-34.0,540.0,73.0
63,6.078605651855469,233.0,-25.0,537.0,137.0
64,6.120502710342407,368.0,-13.0,447.0,182.0
65,6.170949935913086,520.0,0.0,360.0,199.0
66,6.220336675643921,671.0,13.0,305.0,201.0
67,6.2702860832214355,821.0,27.0,277.0,200.0
68,6.319267511367798,975.0,40.0,260.0,202.0
69,6.3610520362854,1129.0,54.0,245.0,206.0
70,6.411588430404663,1284.0,67.0,225.0,213.0
71,6.460530042648315,1453.0,82.0,198.0,223.0
72,6.510688304901123,1630.0,98.0,143.0,238.0
73,6.5527732372283936,1810.0,114.0,14.0,230.0
74,6.602916717529297,1916.0,123.0,-199.0,124.0
75,6.6525349617004395,1943.0,125.0,-229.0,29.0
76,6.7032458782196045,1943.0,125.0,-155.0,1.0
77,6.74411416053772,1944.0,125.0,-109.0,0.0
78,6.794913291931152,1943.0,125.0,-84.0,0.0
79,6.8448326587677,1943.0,125.0,-71.0,0.0
80,6.893384218215942,1943.0,125.0,-64.0,0.0
81,6.943055152893066,1943.0,125.0,-60.0,0.0
82,6.984715700149536,1943.0,125.0,-58.0,0.0
83,7.035174369812012,1943.0,125.0,-57.0,0.0
84,7.0851051807403564,1943.0,125.0,-57.0,0.0
85,7.133728742599487,1943.0,125.0,-56.0,0.0
86,7.183175325393677,1943.0,125.0,-56.0,0.0
87,7.224865198135376,1943.0,125.0,-56.0,0.0
88,7.273927688598633,1943.0,125.0,-56.0,0.0
89,7.32350754737854,1943.0,125.0,-56.0,0.0
90,7.374573469161987,1943.0,125.0,-56.0,0.0
91,7.415098190307617,1943.0,125.0,-56.0,0.0
92,7.464934825897217,1943.0,125.0,-56.0,0.0
93,7.515103101730347,1943.0,125.0,-56.0,0.0
94,7.56533670425415,1943.0,125.0,-56.0,0.0
95,7.614978313446045,1943.0,125.0,-56.0,0.0
96,7.656189203262329,1943.0,125.0,-56.0,0.0
97,7.706354141235352,1943.0,125.0,-56.0,0.0
98,7.756537914276123,1943.0,125.0,-56.0,0.0
99,7.804888963699341,1943.0,125.0,-56.0,0.0
100,7.854421377182007,1943.0,125.0,-56.0,0.0
101,7.895809650421143,1943.0,125.0,-56.0,0.0
102,7.9448323249816895,1943.0,125.0,-56.0,0.0
103,7.9947593212127686,1943.0,125.0,-56.0,0.0
104,8.04370379447937,1943.0,125.0,-56.0,0.0
105,8.094016075134277,1943.0,125.0,-56.0,0.0
106,8.142905235290527,1943.0,125.0,-56.0,0.0
107,8.185091972351074,1943.0,125.0,-56.0,0.0
108,8.234681129455566,1943.0,125.0,-56.0,0.0
109,8.284675121307373,1943.0,125.0,-56.0,0.0
110,8.333013534545898,1943.0,125.0,-56.0,0.0
111,8.382763385772705,1943.0,125.0,-56.0,0.0
112,8.42602276802063,1943.0,125.0,-56.0,0.0
113,8.475000143051147,1943.0,125.0,-56.0,0.0
114,8.525750398635864,1943.0,125.0,-56.0,0.0
115,8.567825555801392,1943.0,125.0,-56.0,0.0
116,8.61759901046753,1943.0,125.0,-56.0,0.0
117,8.667581558227539,1943.0,125.0,-56.0,0.0
118,8.717487812042236,1943.0,125.0,-56.0,0.0
119,8.767101049423218,1943.0,125.0,-56.0,0.0
120,9.81784963607788,1943.0,125.0,-63.0,0.0
121,9.8679518699646,1940.0,125.0,-180.0,-6.0
122,9.917145252227783,1901.0,122.0,-332.0,-60.0
123,9.966439962387085,1805.0,113.0,-418.0,-137.0
124,10.007881879806519,1662.0,101.0,-371.0,-192.0
125,10.057212829589844,1498.0,86.0,-289.0,-218.0
126,10.105961322784424,1328.0,71.0,-224.0,-228.0
127,10.154626369476318,1151.0,56.0,-171.0,-237.0
128,10.204407215118408,969.0,40.0,-133.0,-242.0
129,10.253854274749756,782.0,23.0,-100.0,-250.0
130,10.295111417770386,587.0,6.0,-65.0,-261.0
131,10.347130537033081,381.0,-12.0,-34.0,-273.0
132,10.39534878730774,193.0,-29.0,217.0,-239.0
133,10.44707202911377,99.0,-37.0,421.0,-107.0
134,10.487362384796143,92.0,-37.0,325.0,-10.0
135,10.537317991256714,93.0,-37.0,227.0,0.0
136,10.586087703704834,93.0,-37.0,174.0,0.0
137,10.635738849639893,93.0,-37.0,146.0,0.0
138,10.685816764831543,93.0,-37.0,131.0,0.0
139,10.727668046951294,93.0,-37.0,122.0,0.0
140,10.777249097824097,93.0,-37.0,118.0,0.0
141,10.825830936431885,93.0,-37.0,116.0,0.0
142,10.875906229019165,93.0,-37.0,115.0,0.0
143,10.925101041793823,93.0,-37.0,114.0,0.0
144,10.97386121749878,93.0,-37.0,114.0,0.0
145,11.016322135925293,93.0,-37.0,113.0,0.0
146,11.065914869308472,93.0,-37.0,113.0,0.0
147,11.114469051361084,93.0,-37.0,113.0,0.0
148,11.165364503860474,93.0,-37.0,113.0,0.0
149,11.213198900222778,93.0,-37.0,113.0,0.0
150,11.262616872787476,93.0,-37.0,113.0,0.0
151,11.304931640625,93.0,-37.0,113.0,0.0
152,11.354568719863892,93.0,-37.0,113.0,0.0
153,11.403194427490234,93.0,-37.0,113.0,0.0
154,11.452647686004639,93.0,-37.0,113.0,0.0
155,11.502629280090332,93.0,-37.0,113.0,0.0
156,11.54956841468811,93.0,-37.0,113.0,0.0
157,11.59333086013794,93.0,-37.0,113.0,0.0
158,11.643263339996338,93.0,-37.0,113.0,0.0
159,11.693526268005371,93.0,-37.0,113.0,0.0
160,11.74232006072998,93.0,-37.0,113.0,0.0
161,11.790854454040527,93.0,-37.0,113.0,0.0
162,11.832352876663208,93.0,-37.0,113.0,0.0
163,11.883298873901367,93.0,-37.0,113.0,0.0
164,11.931397914886475,93.0,-37.0,113.0,0.0
165,11.9814772605896,93.0,-37.0,113.0,0.0
166,12.023658752441406,93.0,-37.0,113.0,0.0
167,12.073635816574097,93.0,-37.0,113.0,0.0
168,12.123152017593384,93.0,-37.0,113.0,0.0
169,12.174866676330566,93.0,-37.0,113.0,0.0
170,12.21525239944458,93.0,-37.0,113.0,0.0
171,12.26555061340332,93.0,-37.0,113.0,0.0
172,12.313805103302002,93.0,-37.0,113.0,0.0
173,12.363113641738892,93.0,-37.0,113.0,0.0
174,12.412559270858765,93.0,-37.0,113.0,0.0
175,12.462475776672363,93.0,-37.0,113.0,0.0
176,12.502936601638794,93.0,-37.0,113.0,0.0
177,12.552109479904175,93.0,-37.0,113.0,0.0
178,12.601847171783447,93.0,-37.0,113.0,0.0
179,12.652422666549683,93.0,-37.0,113.0,0.0
180,13.70374345779419,93.0,-37.0,122.0,0.0
181,13.756008386611938,98.0,-37.0,226.0,10.0
182,13.80399775505066,140.0,-33.0,362.0,66.0
183,13.852824449539185,234.0,-25.0,441.0,134.0
184,13.89534044265747,368.0,-13.0,399.0,181.0
185,13.945700645446777,519.0,0.0,335.0,199.0
186,13.995873212814331,669.0,13.0,292.0,201.0
187,14.045312643051147,821.0,27.0,270.0,200.0
188,14.094797372817993,972.0,40.0,256.0,202.0
189,14.136920690536499,1128.0,54.0,242.0,206.0
190,14.186318397521973,1284.0,67.0,223.0,214.0
191,14.236483573913574,1454.0,82.0,196.0,224.0
192,14.28543734550476,1632.0,98.0,141.0,239.0
193,14.327162981033325,1812.0,114.0,16.0,230.0
194,14.376135110855103,1917.0,123.0,-220.0,124.0
195,14.42654538154602,1944.0,125.0,-239.0,29.0
196,14.477010011672974,1944.0,125.0,-164.0,1.0
197,14.526543140411377,1944.0,125.0,-116.0,0.0
198,14.568677425384521,1944.0,125.0,-91.0,0.0
199,14.618793249130249,1944.0,125.0,-77.0,0.0
200,14.668445348739624,1944.0,125.0,-70.0,0.0
201,14.718128204345703,1944.0,125.0,-66.0,0.0
202,14.7587890625,1944.0,125.0,-64.0,0.0
203,14.808998107910156,1944.0,125.0,-63.0,0.0
204,14.858914852142334,1944.0,125.0,-62.0,0.0
205,14.906890630722046,1944.0,125.0,-62.0,0.0
206,14.956706523895264,1944.0,125.0,-62.0,0.0
207,15.006169080734253,1944.0,125.0,-62.0,0.0
208,15.04882526397705,1944.0,125.0,-62.0,0.0
209,15.097931385040283,1944.0,125.0,-62.0,0.0
210,15.15024709701538,1944.0,125.0,-62.0,0.0
211,15.19769287109375,1944.0,125.0,-62.0,0.0
212,15.239752531051636,1944.0,125.0,-62.0,0.0
213,15.289384841918945,1944.0,125.0,-62.0,0.0
214,15.339748859405518,1944.0,125.0,-62.0,0.0
215,15.38934326171875,1944.0,125.0,-62.0,0.0
216,15.438528776168823,1944.0,125.0,-62.0,0.0
217,15.481162786483765,1944.0,125.0,-62.0,0.0
218,15.5298490524292,1944.0,125.0,-62.0,0.0
219,15.579317808151245,1944.0,125.0,-62.0,0.0
220,15.628698348999023,1944.0,125.0,-62.0,0.0
221,15.67828106880188,1944.0,125.0,-62.0,0.0
222,15.72032356262207,1944.0,125.0,-62.0,0.0
223,15.769837379455566,1944.0,125.0,-62.0,0.0
224,15.819183588027954,1944.0,125.0,-62.0,0.0
225,15.870070457458496,1944.0,125.0,-62.0,0.0
226,15.91144323348999,1944.0,125.0,-62.0,0.0
227,15.962157726287842,1944.0,125.0,-62.0,0.0
228,16.01179575920105,1944.0,125.0,-62.0,0.0
229,16.061910390853882,1944.0,125.0,-62.0,0.0
230,16.10308313369751,1944.0,125.0,-62.0,0.0
231,16.15548849105835,1944.0,125.0,-62.0,0.0
232,16.20327115058899,1944.0,125.0,-62.0,0.0
233,16.25372076034546,1944.0,125.0,-62.0,0.0
234,16.294555187225342,1944.0,125.0,-62.0,0.0
235,16.344173431396484,1944.0,125.0,-62.0,0.0
236,16.393240213394165,1944.0,125.0,-62.0,0.0
237,16.443864345550537,1944.0,125.0,-62.0,0.0
238,16.492990255355835,1944.0,125.0,-62.0,0.0
239,16.53531241416931,1944.0,125.0,-62.0,0.0
240,17.59471607208252,1944.0,125.0,-102.0,0.0
241,17.644909143447876,1941.0,125.0,-292.0,-7.0
242,17.69408893585205,1901.0,122.0,-499.0,-61.0
243,17.7370285987854,1804.0,113.0,-519.0,-139.0
244,17.786470890045166,1661.0,101.0,-422.0,-193.0
245,17.836863040924072,1497.0,86.0,-317.0,-217.0
246,17.878687858581543,1326.0,71.0,-239.0,-227.0
247,17.92837619781494,1151.0,56.0,-180.0,-237.0
248,17.978416919708252,970.0,40.0,-138.0,-242.0
249,18.029114484786987,783.0,23.0,-104.0,-250.0
250,18.078447341918945,588.0,6.0,-66.0,-262.0
251,18.126107454299927,380.0,-12.0,-35.0,-274.0
252,18.16822075843811,193.0,-29.0,224.0,-238.0
253,18.21732759475708,98.0,-37.0,435.0,-106.0
254,18.26775884628296,92.0,-37.0,332.0,-10.0
255,18.316279411315918,92.0,-37.0,232.0,0.0
256,18.366187810897827,92.0,-37.0,179.0,0.0
257,18.408205032348633,92.0,-37.0,151.0,0.0
258,18.4572856426239,92.0,-37.0,135.0,0.0
259,18.508413553237915,92.0,-37.0,126.0,0.0
260,18.55795431137085,92.0,-37.0,122.0,0.0
261,18.606353044509888,92.0,-37.0,120.0,0.0
262,18.64896249771118,93.0,-37.0,119.0,0.0
263,18.699730396270752,92.0,-37.0,118.0,0.0
264,18.749389171600342,93.0,-37.0,117.0,0.0
265,18.7960205078125,92.0,-37.0,117.0,0.0
266,18.841153860092163,92.0,-37.0,117.0,0.0
267,18.887264013290405,93.0,-37.0,117.0,0.0
268,18.935993909835815,92.0,-37.0,117.0,0.0
269,18.986582040786743,92.0,-37.0,116.0,0.0
270,19.036930084228516,92.0,-37.0,116.0,0.0
271,19.085912227630615,92.0,-37.0,117.0,0.0
272,19.12689447402954,93.0,-37.0,117.0,0.0
273,19.178418159484863,92.0,-37.0,117.0,0.0
274,19.22745990753174,93.0,-37.0,117.0,0.0
275,19.276884078979492,93.0,-37.0,117.0,0.0
276,19.326374053955078,93.0,-37.0,116.0,0.0
277,19.36990785598755,92.0,-37.0,117.0,0.0
278,19.4175226688385,93.0,-37.0,116.0,0.0
279,19.47016143798828,92.0,-37.0,116.0,0.0
280,19.516956090927124,92.0,-37.0,116.0,0.0
281,19.565329790115356,92.0,-37.0,116.0,0.0
282,19.607064485549927,92.0,-37.0,116.0,0.0
283,19.656693935394287,92.0,-37.0,116.0,0.0
284,19.70667791366577,93.0,-37.0,116.0,0.0
285,19.754962682724,92.0,-37.0,116.0,0.0
286,19.805211067199707,92.0,-37.0,116.0,0.0
287,19.8543062210083,93.0,-37.0,116.0,0.0
288,19.897103548049927,93.0,-37.0,116.0,0.0
289,19.94640564918518,93.0,-37.0,116.0,0.0
290,19.996315479278564,92.0,-37.0,116.0,0.0
291,20.046193599700928,92.0,-37.0,116.0,0.0
292,20.088118076324463,93.0,-37.0,116.0,0.0
293,20.137895822525024,93.0,-37.0,116.0,0.0
294,20.188379287719727,93.0,-37.0,116.0,0.0
295,20.23762011528015,92.0,-37.0,116.0,0.0
296,20.27893042564392,92.0,-37.0,116.0,0.0
297,20.32878065109253,92.0,-37.0,116.0,0.0
298,20.37895703315735,92.0,-37.0,116.0,0.0
299,20.429332494735718,92.0,-37.0,115.0,0.0
300,21.479401350021362,93.0,-37.0,124.0,0.0
301,21.529520750045776,97.0,-37.0,231.0,9.0
302,21.57998752593994,140.0,-33.0,365.0,66.0
303,21.628743410110474,234.0,-25.0,441.0,133.0
304,21.678287744522095,369.0,-13.0,398.0,182.0
305,21.721490621566772,521.0,0.0,334.0,199.0
306,21.76962399482727,670.0,13.0,291.0,200.0
307,21.82172918319702,822.0,27.0,270.0,200.0
308,21.86962866783142,973.0,40.0,256.0,202.0
309,21.917876958847046,1125.0,53.0,242.0,206.0
310,21.959047079086304,1286.0,68.0,223.0,214.0
311,22.00923776626587,1455.0,82.0,196.0,224.0
312,22.059336185455322,1633.0,98.0,141.0,239.0
313,22.11007785797119,1813.0,114.0,26.0,230.0
314,22.150521755218506,1917.0,123.0,-229.0,124.0
315,22.20149326324463,1944.0,125.0,-244.0,28.0
316,22.25028395652771,1944.0,125.0,-167.0,1.0
317,22.30102777481079,1945.0,125.0,-119.0,0.0
318,22.342612266540527,1944.0,125.0,-92.0,0.0
319,22.39229154586792,1945.0,125.0,-78.0,0.0
320,22.442517042160034,1944.0,125.0,-71.0,0.0
321,22.492403745651245,1944.0,125.0,-67.0,0.0
322,22.541603803634644,1944.0,125.0,-64.0,0.0
323,22.582237720489502,1944.0,125.0,-63.0,0.0
324,22.632105112075806,1944.0,125.0,-62.0,0.0
325,22.683680295944214,1944.0,125.0,-62.0,0.0
326,22.731354236602783,1944.0,125.0,-62.0,0.0
327,22.781551361083984,1945.0,125.0,-62.0,0.0
328,22.830134391784668,1944.0,125.0,-62.0,0.0
329,22.878336906433105,1944.0,125.0,-62.0,0.0
330,22.920336723327637,1944.0,125.0,-62.0,0.0
331,22.970361709594727,1944.0,125.0,-62.0,0.0
332,23.019073247909546,1944.0,125.0,-62.0,0.0
333,23.068706035614014,1944.0,125.0,-62.0,0.0
334,23.11738896369934,1944.0,125.0,-62.0,0.0
335,23.160131216049194,1944.0,125.0,-62.0,0.0
336,23.210851669311523,1944.0,125.0,-62.0,0.0
337,23.259461641311646,1944.0,125.0,-62.0,0.0
338,23.308141469955444,1944.0,125.0,-62.0,0.0
339,23.358080625534058,1944.0,125.0,-62.0,0.0
340,23.399524688720703,1944.0,125.0,-62.0,0.0
341,23.44969606399536,1944.0,125.0,-62.0,0.0
342,23.498929738998413,1944.0,125.0,-62.0,0.0
343,23.549916744232178,1944.0,125.0,-62.0,0.0
344,23.590179204940796,1944.0,125.0,-62.0,0.0
345,23.641080617904663,1944.0,125.0,-62.0,0.0
346,23.690468788146973,1944.0,125.0,-62.0,0.0
347,23.740801334381104,1944.0,125.0,-62.0,0.0
348,23.790152072906494,1944.0,125.0,-62.0,0.0
349,23.83223867416382,1944.0,125.0,-62.0,0.0
350,23.881818294525146,1944.0,125.0,-62.0,0.0
351,23.93221950531006,1944.0,125.0,-62.0,0.0
352,23.98162579536438,1944.0,125.0,-62.0,0.0
353,24.023003578186035,1944.0,125.0,-62.0,0.0
354,24.072566270828247,1944.0,125.0,-62.0,0.0
355,24.123462915420532,1944.0,125.0,-62.0,0.0
356,24.17206573486328,1944.0,125.0,-62.0,0.0
357,24.22120499610901,1944.0,125.0,-62.0,0.0
358,24.263047695159912,1944.0,125.0,-62.0,0.0
359,24.31237483024597,1944.0,125.0,-62.0,0.0
360,25.371843814849854,1944.0,125.0,-102.0,0.0
361,25.422075986862183,1941.0,125.0,-296.0,-6.0
362,25.463631629943848,1901.0,122.0,-502.0,-61.0
363,25.512567281723022,1804.0,113.0,-522.0,-138.0
364,25.563151121139526,1659.0,100.0,-425.0,-193.0
365,25.613741397857666,1497.0,86.0,-318.0,-218.0
366,25.654699563980103,1327.0,71.0,-239.0,-228.0
367,25.70359206199646,1150.0,56.0,-179.0,-237.0
368,25.753294706344604,968.0,40.0,-138.0,-242.0
369,25.803377151489258,782.0,23.0,-104.0,-249.0
370,25.852341651916504,585.0,6.0,-67.0,-261.0
371,25.902978658676147,380.0,-12.0,-35.0,-274.0
372,25.942752361297607,189.0,-29.0,238.0,-238.0
373,25.992997646331787,98.0,-37.0,439.0,-106.0
374,26.041862964630127,91.0,-37.0,337.0,-11.0
375,26.09117579460144,92.0,-37.0,236.0,0.0
376,26.140430212020874,92.0,-37.0,181.0,0.0
377,26.18763303756714,92.0,-37.0,151.0,0.0
378,26.233131170272827,93.0,-37.0,135.0,0.0
379,26.28087067604065,93.0,-37.0,126.0,0.0
380,26.331461191177368,92.0,-37.0,121.0,0.0
381,26.3810932636261,92.0,-37.0,119.0,0.0
382,26.429606437683105,93.0,-37.0,117.0,0.0
383,26.471938610076904,93.0,-37.0,117.0,0.0
384,26.52332043647766,93.0,-37.0,116.0,0.0
385,26.57115411758423,93.0,-37.0,116.0,0.0
386,26.620383977890015,92.0,-37.0,116.0,0.0
387,26.6698215007782,93.0,-37.0,116.0,0.0
388,26.71099853515625,93.0,-37.0,116.0,0.0
389,26.761278867721558,92.0,-37.0,115.0,0.0
390,26.811428546905518,92.0,-37.0,115.0,0.0
391,26.860694408416748,93.0,-37.0,115.0,0.0
392,26.903421878814697,92.0,-37.0,115.0,0.0
393,26.951751470565796,93.0,-37.0,115.0,0.0
394,27.003289222717285,93.0,-37.0,115.0,0.0
395,27.051273107528687,93.0,-37.0,115.0,0.0
396,27.10144805908203,92.0,-37.0,115.0,0.0
397,27.1434645652771,93.0,-37.0,115.0,0.0
398,27.193249464035034,93.0,-37.0,115.0,0.0
399,27.24333620071411,93.0,-37.0,115.0,0.0
400,27.29271626472473,93.0,-37.0,115.0,0.0
401,27.341737508773804,92.0,-37.0,115.0,0.0
402,27.383545637130737,93.0,-37.0,115.0,0.0
403,27.432074308395386,93.0,-37.0,115.0,0.0
404,27.482817888259888,92.0,-37.0,115.0,0.0
405,27.531743049621582,92.0,-37.0,115.0,0.0
406,27.581251621246338,93.0,-37.0,115.0,0.0
407,27.621809720993042,92.0,-37.0,114.0,0.0
408,27.67224669456482,93.0,-37.0,115.0,0.0
409,27.723523139953613,93.0,-37.0,115.0,0.0
410,27.772669315338135,93.0,-37.0,114.0,0.0
411,27.8217990398407,93.0,-37.0,114.0,0.0
412,27.863975286483765,93.0,-37.0,114.0,0.0
413,27.915016889572144,93.0,-37.0,114.0,0.0
414,27.96446943283081,92.0,-37.0,115.0,0.0
415,28.01359510421753,93.0,-37.0,115.0,0.0
416,28.054577827453613,93.0,-37.0,115.0,0.0
417,28.104411363601685,93.0,-37.0,115.0,0.0
418,28.154494524002075,93.0,-37.0,115.0,0.0
419,28.205375909805298,92.0,-37.0,115.0,0.0
420,29.257296323776245,93.0,-37.0,123.0,0.0
421,29.306204080581665,97.0,-37.0,238.0,9.0
422,29.356401681900024,139.0,-33.0,366.0,68.0
423,29.40566396713257,235.0,-25.0,442.0,134.0
424,29.44669508934021,369.0,-13.0,399.0,181.0
425,29.49723482131958,520.0,0.0,335.0,199.0
426,29.546414613723755,670.0,13.0,290.0,201.0
427,29.597286462783813,823.0,27.0,268.0,201.0
428,29.63835048675537,973.0,40.0,254.0,203.0
429,29.687825202941895,1129.0,54.0,240.0,207.0
430,29.73714828491211,1288.0,68.0,220.0,215.0
431,29.787384748458862,1458.0,83.0,192.0,225.0
432,29.836154460906982,1637.0,98.0,137.0,239.0
433,29.88493776321411,1814.0,114.0,42.0,228.0
434,29.92625594139099,1918.0,123.0,-157.0,123.0
435,29.97580885887146,1945.0,125.0,-205.0,29.0
436,30.025549173355103,1945.0,125.0,-147.0,1.0
437,30.075061559677124,1945.0,125.0,-111.0,0.0
438,30.123815536499023,1945.0,125.0,-90.0,0.0
439,30.173654079437256,1945.0,125.0,-79.0,0.0
440,30.21684718132019,1945.0,125.0,-74.0,0.0
441,30.26597762107849,1945.0,125.0,-71.0,0.0
442,30.314516067504883,1945.0,125.0,-69.0,0.0
443,30.365113496780396,1945.0,125.0,-68.0,0.0
444,30.40635347366333,1945.0,125.0,-68.0,0.0
445,30.456433057785034,1945.0,125.0,-67.0,0.0
446,30.50520133972168,1945.0,125.0,-67.0,0.0
447,30.55523109436035,1945.0,125.0,-67.0,0.0
448,30.60481858253479,1945.0,125.0,-67.0,0.0
449,30.647028923034668,1945.0,125.0,-67.0,0.0
450,30.699605226516724,1945.0,125.0,-67.0,0.0
451,30.74789071083069,1945.0,125.0,-67.0,0.0
452,30.795574426651,1945.0,125.0,-67.0,0.0
453,30.845930814743042,1945.0,125.0,-67.0,0.0
454,30.887263536453247,1945.0,125.0,-67.0,0.0
455,30.937922716140747,1945.0,125.0,-67.0,0.0
456,30.98743176460266,1945.0,125.0,-67.0,0.0
457,31.037317752838135,1945.0,125.0,-67.0,0.0
458,31.079046726226807,1945.0,125.0,-67.0,0.0
459,31.12855887413025,1945.0,125.0,-67.0,0.0
460,31.177974700927734,1945.0,125.0,-67.0,0.0
461,31.226861715316772,1945.0,125.0,-67.0,0.0
462,31.277491569519043,1945.0,125.0,-67.0,0.0
463,31.31957769393921,1945.0,125.0,-67.0,0.0
464,31.369268655776978,1945.0,125.0,-67.0,0.0
465,31.418123483657837,1945.0,125.0,-67.0,0.0
466,31.468213081359863,1945.0,125.0,-67.0,0.0
467,31.50995445251465,1945.0,125.0,-67.0,0.0
468,31.560138463974,1945.0,125.0,-67.0,0.0
469,31.61185932159424,1945.0,125.0,-67.0,0.0
470,31.659448623657227,1945.0,125.0,-67.0,0.0
471,31.70950484275818,1945.0,125.0,-67.0,0.0
472,31.752199172973633,1945.0,125.0,-67.0,0.0
473,31.801243543624878,1945.0,125.0,-67.0,0.0
474,31.85114288330078,1945.0,125.0,-67.0,0.0
475,31.90152335166931,1945.0,125.0,-67.0,0.0
476,31.94329810142517,1945.0,125.0,-67.0,0.0
477,31.996922969818115,1945.0,125.0,-67.0,0.0
478,32.04153656959534,1945.0,125.0,-67.0,0.0
479,32.09150791168213,1945.0,125.0,-67.0,0.0
480,33.14378070831299,1945.0,125.0,-76.0,0.0
481,33.19240379333496,1942.0,125.0,-201.0,-7.0
482,33.242369413375854,1902.0,122.0,-359.0,-62.0
483,33.292301654815674,1804.0,113.0,-429.0,-139.0
484,33.3365683555603,1661.0,101.0,-373.0,-193.0
485,33.38333988189697,1496.0,86.0,-291.0,-217.0
486,33.43298649787903,1327.0,71.0,-226.0,-227.0
487,33.48282837867737,1151.0,56.0,-174.0,-236.0
488,33.53247833251953,968.0,40.0,-135.0,-242.0
489,33.573837757110596,783.0,23.0,-100.0,-251.0
490,33.6238694190979,586.0,6.0,-63.0,-263.0
491,33.67323565483093,379.0,-12.0,-33.0,-274.0
492,33.72171998023987,192.0,-29.0,226.0,-237.0
493,33.7713987827301,99.0,-37.0,434.0,-104.0
494,33.82127094268799,92.0,-37.0,328.0,-10.0
495,33.86304211616516,92.0,-37.0,230.0,0.0
496,33.9113404750824,92.0,-37.0,177.0,0.0
497,33.96126961708069,92.0,-37.0,149.0,0.0
498,34.01066303253174,93.0,-37.0,133.0,0.0
499,34.06016206741333,93.0,-37.0,125.0,0.0
500,34.10944151878357,93.0,-37.0,120.0,0.0
501,34.15047907829285,92.0,-37.0,118.0,0.0
502,34.19986391067505,93.0,-37.0,116.0,0.0
503,34.24973678588867,92.0,-37.0,115.0,0.0
504,34.2992582321167,93.0,-37.0,115.0,0.0
505,34.34897708892822,93.0,-37.0,115.0,0.0
506,34.39732766151428,93.0,-37.0,115.0,0.0
507,34.43975639343262,93.0,-37.0,114.0,0.0
508,34.49133038520813,93.0,-37.0,115.0,0.0
509,34.541338205337524,93.0,-37.0,114.0,0.0
510,34.583271980285645,93.0,-37.0,114.0,0.0
511,34.631922245025635,93.0,-37.0,114.0,0.0
512,34.681084871292114,93.0,-37.0,114.0,0.0
513,34.73112726211548,93.0,-37.0,114.0,0.0
514,34.78025460243225,93.0,-37.0,114.0,0.0
515,34.822423458099365,92.0,-37.0,114.0,0.0
516,34.87226748466492,93.0,-37.0,114.0,0.0
517,34.92188739776611,93.0,-37.0,114.0,0.0
518,34.97189211845398,93.0,-37.0,114.0,0.0
519,35.0211296081543,92.0,-37.0,114.0,0.0
520,35.06364989280701,93.0,-37.0,114.0,0.0
521,35.11435842514038,93.0,-37.0,114.0,0.0
522,35.16301107406616,93.0,-37.0,114.0,0.0
523,35.21123671531677,93.0,-37.0,114.0,0.0
524,35.26153326034546,92.0,-37.0,114.0,0.0
525,35.30900549888611,93.0,-37.0,114.0,0.0
526,35.35350561141968,93.0,-37.0,114.0,0.0
527,35.401610136032104,93.0,-37.0,114.0,0.0
528,35.45106267929077,93.0,-37.0,114.0,0.0
529,35.501198053359985,93.0,-37.0,114.0,0.0
530,35.54195713996887,92.0,-37.0,114.0,0.0
531,35.592106103897095,93.0,-37.0,114.0,0.0
532,35.64258027076721,93.0,-37.0,114.0,0.0
533,35.692750692367554,93.0,-37.0,114.0,0.0
534,35.738274574279785,92.0,-37.0,114.0,0.0
535,35.78353476524353,93.0,-37.0,114.0,0.0
536,35.83348035812378,93.0,-37.0,114.0,0.0
537,35.88359355926514,93.0,-37.0,114.0,0.0
538,35.93341302871704,93.0,-37.0,114.0,0.0
539,35.975064754486084,92.0,-37.0,114.0,0.0
540,37.033583879470825,93.0,-37.0,156.0,0.0
541,37.0842080116272,97.0,-37.0,342.0,9.0
542,37.126546144485474,140.0,-33.0,524.0,67.0
543,37.176289319992065,235.0,-25.0,537.0,133.0
544,37.22634315490723,369.0,-13.0,449.0,181.0
545,37.27650165557861,521.0,0.0,362.0,199.0
546,37.31753730773926,671.0,13.0,304.0,202.0
547,37.370877504348755,824.0,27.0,275.0,201.0
548,37.4166054725647,974.0,40.0,257.0,203.0
549,37.465596437454224,1130.0,54.0,241.0,207.0
550,37.5153489112854,1289.0,68.0,222.0,214.0
551,37.56515455245972,1458.0,83.0,195.0,224.0
552,37.606826305389404,1636.0,98.0,140.0,238.0
553,37.65623474121094,1814.0,114.0,47.0,228.0
554,37.7067289352417,1917.0,123.0,-213.0,123.0
555,37.75647735595703,1944.0,125.0,-232.0,28.0
556,37.79789876937866,1945.0,125.0,-162.0,2.0
557,37.85105013847351,1944.0,125.0,-117.0,0.0
558,37.89773750305176,1944.0,125.0,-93.0,0.0
559,37.947187423706055,1945.0,125.0,-80.0,0.0
560,37.99572491645813,1945.0,125.0,-73.0,0.0
561,38.037967920303345,1945.0,125.0,-69.0,0.0
562,38.08816933631897,1945.0,125.0,-67.0,0.0
563,38.138113498687744,1944.0,125.0,-66.0,0.0
564,38.18718385696411,1944.0,125.0,-65.0,0.0
565,38.23685073852539,1945.0,125.0,-65.0,0.0
566,38.27905344963074,1945.0,125.0,-64.0,0.0
567,38.32905960083008,1944.0,125.0,-64.0,0.0
568,38.37865996360779,1944.0,125.0,-64.0,0.0
569,38.42788529396057,1944.0,125.0,-64.0,0.0
570,38.477110147476196,1944.0,125.0,-63.0,0.0
571,38.51967215538025,1944.0,125.0,-63.0,0.0
572,38.568970918655396,1944.0,125.0,-63.0,0.0
573,38.61729407310486,1945.0,125.0,-63.0,0.0
574,38.667054176330566,1945.0,125.0,-63.0,0.0
575,38.71699619293213,1944.0,125.0,-63.0,0.0
576,38.757850885391235,1944.0,125.0,-63.0,0.0
577,38.80789303779602,1944.0,125.0,-64.0,0.0
578,38.858256816864014,1945.0,125.0,-64.0,0.0
579,38.90843915939331,1945.0,125.0,-64.0,0.0
580,38.95029425621033,1944.0,125.0,-64.0,0.0
581,38.99963355064392,1944.0,125.0,-63.0,0.0
582,39.05313181877136,1945.0,125.0,-63.0,0.0
583,39.09761381149292,1945.0,125.0,-63.0,0.0
584,39.14888858795166,1944.0,125.0,-63.0,0.0
585,39.18987059593201,1944.0,125.0,-63.0,0.0
586,39.239502906799316,1944.0,125.0,-63.0,0.0
587,39.28862404823303,1944.0,125.0,-64.0,0.0
588,39.33968639373779,1945.0,125.0,-64.0,0.0
589,39.3887665271759,1945.0,125.0,-63.0,0.0
590,39.431140184402466,1944.0,125.0,-63.0,0.0
591,39.48081111907959,1944.0,125.0,-63.0,0.0
592,39.53130745887756,1944.0,125.0,-63.0,0.0
593,39.57362937927246,1944.0,125.0,-63.0,0.0
594,39.624292850494385,1944.0,125.0,-63.0,0.0
595,39.67464351654053,1944.0,125.0,-63.0,0.0
596,39.72476005554199,1944.0,125.0,-63.0,0.0
597,39.76639485359192,1944.0,125.0,-63.0,0.0
598,39.8189332485199,1945.0,125.0,-63.0,0.0
599,39.866522789001465,1945.0,125.0,-63.0,0.0
600,40.92110252380371,1945.0,125.0,-96.0,0.0
601,40.97189998626709,1942.0,125.0,-291.0,-6.0
602,41.0211455821991,1903.0,122.0,-507.0,-59.0
603,41.06729316711426,1806.0,113.0,-525.0,-137.0
604,41.11675429344177,1663.0,101.0,-426.0,-193.0
605,41.158167600631714,1499.0,86.0,-320.0,-218.0
606,41.21238398551941,1329.0,71.0,-240.0,-228.0
607,41.2592453956604,1151.0,56.0,-178.0,-238.0
608,41.30857253074646,968.0,40.0,-135.0,-244.0
609,41.3526246547699,780.0,23.0,-97.0,-252.0
610,41.400221824645996,585.0,6.0,-59.0,-264.0
611,41.449315547943115,376.0,-12.0,-31.0,-275.0
612,41.4987154006958,191.0,-29.0,148.0,-237.0
613,41.54917860031128,98.0,-37.0,396.0,-103.0
614,41.590521574020386,91.0,-37.0,314.0,-11.0
615,41.644383668899536,92.0,-37.0,224.0,0.0
616,41.689849853515625,92.0,-37.0,175.0,0.0
617,41.740537881851196,92.0,-37.0,149.0,0.0
618,41.78902006149292,92.0,-37.0,135.0,0.0
619,41.83184885978699,92.0,-37.0,127.0,0.0
620,41.88062858581543,92.0,-37.0,123.0,0.0
621,41.92983269691467,92.0,-37.0,121.0,0.0
622,41.978296756744385,92.0,-37.0,120.0,0.0
623,42.028292179107666,92.0,-37.0,120.0,0.0
624,42.07004714012146,92.0,-37.0,119.0,0.0
625,42.12303948402405,92.0,-37.0,119.0,0.0
626,42.17027401924133,92.0,-37.0,119.0,0.0
627,42.22034025192261,92.0,-37.0,119.0,0.0
628,42.261979818344116,92.0,-37.0,119.0,0.0
629,42.3120002746582,92.0,-37.0,119.0,0.0
630,42.36197233200073,92.0,-37.0,119.0,0.0
631,42.412941455841064,92.0,-37.0,119.0,0.0
632,42.455511808395386,92.0,-37.0,119.0,0.0
633,42.50421619415283,92.0,-37.0,119.0,0.0
634,42.552982568740845,92.0,-37.0,119.0,0.0
635,42.603623151779175,92.0,-37.0,119.0,0.0
636,42.64550042152405,92.0,-37.0,119.0,0.0
637,42.694472789764404,92.0,-37.0,119.0,0.0
638,42.744434118270874,92.0,-37.0,119.0,0.0
639,42.794291257858276,92.0,-37.0,119.0,0.0
640,42.84408235549927,92.0,-37.0,119.0,0.0
641,42.886133909225464,92.0,-37.0,119.0,0.0
642,42.93663024902344,92.0,-37.0,119.0,0.0
643,42.98564338684082,92.0,-37.0,119.0,0.0
644,43.03637504577637,92.0,-37.0,119.0,0.0
645,43.077422857284546,92.0,-37.0,119.0,0.0
646,43.12787103652954,92.0,-37.0,119.0,0.0
647,43.1767737865448,92.0,-37.0,119.0,0.0
648,43.22608757019043,92.0,-37.0,119.0,0.0
649,43.2749285697937,92.0,-37.0,119.0,0.0
650,43.32486939430237,92.0,-37.0,119.0,0.0
651,43.3661093711853,92.0,-37.0,119.0,0.0
652,43.416900396347046,92.0,-37.0,119.0,0.0
653,43.46487092971802,92.0,-37.0,119.0,0.0
654,43.51613259315491,92.0,-37.0,119.0,0.0
655,43.55717921257019,92.0,-37.0,119.0,0.0
656,43.60789608955383,92.0,-37.0,119.0,0.0
657,43.660412073135376,92.0,-37.0,119.0,0.0
658,43.70805096626282,92.0,-37.0,119.0,0.0
659,43.75005054473877,92.0,-37.0,119.0,0.0
660,44.8062686920166,92.0,-37.0,128.0,0.0
661,44.857155084609985,97.0,-37.0,235.0,10.0
662,44.905285358428955,141.0,-33.0,363.0,68.0
663,44.95435619354248,235.0,-25.0,441.0,134.0
664,45.003698110580444,371.0,-13.0,397.0,182.0
665,45.052592039108276,523.0,0.0,333.0,199.0
666,45.09354376792908,671.0,13.0,289.0,201.0
667,45.14400672912598,825.0,27.0,267.0,201.0
668,45.19227838516235,976.0,40.0,253.0,203.0
669,45.24256896972656,1130.0,54.0,239.0,207.0
670,45.291574239730835,1289.0,68.0,220.0,214.0
671,45.340715169906616,1459.0,83.0,193.0,225.0
672,45.38304281234741,1638.0,99.0,137.0,239.0
673,45.43285942077637,1816.0,114.0,32.0,227.0
674,45.481454849243164,1918.0,123.0,-224.0,124.0
675,45.53171253204346,1945.0,125.0,-238.0,27.0
676,45.58071255683899,1945.0,125.0,-167.0,1.0
677,45.62204909324646,1945.0,125.0,-120.0,0.0
678,45.67202615737915,1945.0,125.0,-95.0,0.0
679,45.722105741500854,1945.0,125.0,-82.0,0.0
680,45.77081608772278,1945.0,125.0,-75.0,0.0
681,45.81315851211548,1945.0,125.0,-71.0,0.0
682,45.86345958709717,1945.0,125.0,-69.0,0.0
683,45.914194107055664,1945.0,125.0,-68.0,0.0
684,45.964423179626465,1945.0,125.0,-68.0,0.0
685,46.00564479827881,1945.0,125.0,-67.0,0.0
686,46.05466318130493,1945.0,125.0,-67.0,0.0
687,46.10447549819946,1945.0,125.0,-67.0,0.0
688,46.154942989349365,1945.0,125.0,-67.0,0.0
689,46.204673767089844,1945.0,125.0,-67.0,0.0
690,46.247328996658325,1945.0,125.0,-67.0,0.0
691,46.29711985588074,1945.0,125.0,-67.0,0.0
692,46.34751582145691,1945.0,125.0,-67.0,0.0
693,46.39651536941528,1945.0,125.0,-67.0,0.0
694,46.43763971328735,1945.0,125.0,-67.0,0.0
695,46.48830032348633,1945.0,125.0,-67.0,0.0
696,46.537821531295776,1945.0,125.0,-67.0,0.0
697,46.586830377578735,1945.0,125.0,-67.0,0.0
698,46.636611461639404,1945.0,125.0,-67.0,0.0
699,46.677650690078735,1945.0,125.0,-67.0,0.0
700,46.73052906990051,1945.0,125.0,-67.0,0.0
701,46.77694272994995,1945.0,125.0,-67.0,0.0
702,46.82704019546509,1945.0,125.0,-67.0,0.0
703,46.869263648986816,1945.0,125.0,-67.0,0.0
704,46.91890525817871,1945.0,125.0,-67.0,0.0
705,46.96899676322937,1945.0,125.0,-67.0,0.0
706,47.018224477767944,1945.0,125.0,-67.0,0.0
707,47.06770968437195,1945.0,125.0,-67.0,0.0
708,47.116830587387085,1945.0,125.0,-67.0,0.0
709,47.158851623535156,1945.0,125.0,-67.0,0.0
710,47.20862030982971,1945.0,125.0,-67.0,0.0
711,47.25852942466736,1945.0,125.0,-67.0,0.0
712,47.308513879776,1945.0,125.0,-67.0,0.0
713,47.3503360748291,1945.0,125.0,-67.0,0.0
714,47.40088629722595,1945.0,125.0,-67.0,0.0
715,47.45059895515442,1945.0,125.0,-67.0,0.0
716,47.50027275085449,1945.0,125.0,-67.0,0.0
717,47.54124927520752,1945.0,125.0,-67.0,0.0
718,47.59238314628601,1945.0,125.0,-67.0,0.0
719,47.64089226722717,1945.0,125.0,-67.0,0.0
720,48.700958251953125,1945.0,125.0,-104.0,0.0
721,48.7411425113678,1942.0,125.0,-291.0,-6.0
722,48.791282415390015,1902.0,122.0,-497.0,-61.0
723,48.840802907943726,1806.0,113.0,-519.0,-138.0
724,48.88996481895447,1661.0,101.0,-422.0,-193.0
725,48.94068217277527,1496.0,86.0,-316.0,-218.0
726,48.98182201385498,1327.0,71.0,-238.0,-228.0
727,49.0356559753418,1149.0,56.0,-178.0,-238.0
728,49.081029176712036,966.0,39.0,-133.0,-244.0
729,49.13001561164856,777.0,23.0,-95.0,-253.0
730,49.18013596534729,578.0,5.0,-56.0,-265.0
731,49.22069597244263,370.0,-13.0,-30.0,-275.0
732,49.27665972709656,188.0,-29.0,279.0,-235.0
733,49.3184814453125,99.0,-37.0,452.0,-97.0
734,49.36761403083801,92.0,-37.0,338.0,-10.0
735,49.4188551902771,92.0,-37.0,235.0,0.0
736,49.46844816207886,92.0,-37.0,180.0,0.0
737,49.509963274002075,92.0,-37.0,151.0,0.0
738,49.55921816825867,92.0,-37.0,135.0,0.0
739,49.60881972312927,92.0,-37.0,127.0,0.0
740,49.65823936462402,92.0,-37.0,122.0,0.0
741,49.708763122558594,92.0,-37.0,120.0,0.0
742,49.75231957435608,93.0,-37.0,119.0,0.0
743,49.80138611793518,92.0,-37.0,118.0,0.0
744,49.850322246551514,93.0,-37.0,118.0,0.0
745,49.900066614151,93.0,-37.0,117.0,0.0
746,49.94212746620178,93.0,-37.0,117.0,0.0
747,49.99213147163391,92.0,-37.0,117.0,0.0
748,50.04167366027832,92.0,-37.0,117.0,0.0
749,50.09130573272705,92.0,-37.0,117.0,0.0
750,50.14082956314087,92.0,-37.0,116.0,0.0
751,50.182769536972046,93.0,-37.0,117.0,0.0
752,50.23279595375061,92.0,-37.0,116.0,0.0
753,50.282105684280396,92.0,-37.0,117.0,0.0
754,50.33206272125244,92.0,-37.0,117.0,0.0
755,50.373300075531006,93.0,-37.0,116.0,0.0
756,50.426478147506714,93.0,-37.0,116.0,0.0
757,50.47331213951111,93.0,-37.0,116.0,0.0
758,50.52228760719299,92.0,-37.0,116.0,0.0
759,50.57099747657776,92.0,-37.0,116.0,0.0
760,50.62017798423767,92.0,-37.0,116.0,0.0
761,50.66175127029419,92.0,-37.0,116.0,0.0
762,50.71211528778076,92.0,-37.0,116.0,0.0
763,50.76128816604614,93.0,-37.0,115.0,0.0
764,50.81130623817444,92.0,-37.0,115.0,0.0
765,50.85272741317749,92.0,-37.0,116.0,0.0
766,50.902817249298096,92.0,-37.0,115.0,0.0
767,50.95323872566223,92.0,-37.0,115.0,0.0
768,51.003751039505005,93.0,-37.0,116.0,0.0
769,51.0524115562439,93.0,-37.0,116.0,0.0
770,51.09405040740967,93.0,-37.0,116.0,0.0
771,51.14272713661194,92.0,-37.0,116.0,0.0
772,51.19357752799988,92.0,-37.0,116.0,0.0
773,51.24411702156067,93.0,-37.0,116.0,0.0
774,51.284961223602295,92.0,-37.0,115.0,0.0
775,51.33587837219238,93.0,-37.0,115.0,0.0
776,51.38537240028381,93.0,-37.0,115.0,0.0
777,51.43568730354309,92.0,-37.0,115.0,0.0
778,51.484554052352905,92.0,-37.0,115.0,0.0
779,51.52730751037598,93.0,-37.0,115.0,0.0
780,52.58468985557556,92.0,-37.0,153.0,0.0
781,52.63411211967468,97.0,-37.0,330.0,8.0
782,52.68371772766113,139.0,-33.0,514.0,66.0
783,52.72532939910889,233.0,-25.0,533.0,132.0
784,52.77519416809082,367.0,-13.0,447.0,182.0
785,52.82431697845459,519.0,0.0,360.0,200.0
786,52.87484407424927,670.0,13.0,302.0,202.0
787,52.924562215805054,824.0,27.0,272.0,201.0
788,52.965739011764526,976.0,40.0,256.0,203.0
789,53.01499962806702,1132.0,54.0,241.0,207.0
790,53.06504797935486,1289.0,68.0,222.0,214.0
791,53.1146514415741,1459.0,83.0,194.0,225.0
792,53.164129972457886,1637.0,98.0,137.0,240.0
793,53.205355167388916,1815.0,114.0,13.0,229.0
794,53.25582027435303,1918.0,123.0,-196.0,123.0
795,53.30415630340576,1945.0,125.0,-225.0,27.0
796,53.35311007499695,1945.0,125.0,-159.0,1.0
797,53.40274667739868,1945.0,125.0,-116.0,0.0
798,53.44706749916077,1945.0,125.0,-93.0,0.0
799,53.49485898017883,1945.0,125.0,-81.0,0.0
800,53.54703998565674,1945.0,125.0,-75.0,0.0
801,53.59379696846008,1945.0,125.0,-71.0,0.0
802,53.64393877983093,1945.0,125.0,-69.0,0.0
803,53.68558144569397,1945.0,125.0,-68.0,0.0
804,53.73957538604736,1945.0,125.0,-68.0,0.0
805,53.786548376083374,1945.0,125.0,-67.0,0.0
806,53.834744691848755,1945.0,125.0,-67.0,0.0
807,53.88446807861328,1945.0,125.0,-67.0,0.0
808,53.93245553970337,1945.0,125.0,-67.0,0.0
809,53.974281787872314,1945.0,125.0,-67.0,0.0
810,54.02462816238403,1945.0,125.0,-67.0,0.0
811,54.07273459434509,1945.0,125.0,-67.0,0.0
812,54.12251615524292,1945.0,125.0,-67.0,0.0
813,54.171356201171875,1945.0,125.0,-67.0,0.0
814,54.22022485733032,1945.0,125.0,-67.0,0.0
815,54.26302647590637,1945.0,125.0,-67.0,0.0
816,54.311954736709595,1945.0,125.0,-67.0,0.0
817,54.3629674911499,1945.0,125.0,-67.0,0.0
818,54.41227841377258,1945.0,125.0,-67.0,0.0
819,54.45244312286377,1945.0,125.0,-67.0,0.0
820,54.502105712890625,1945.0,125.0,-67.0,0.0
821,54.5520703792572,1945.0,125.0,-67.0,0.0
822,54.602038860321045,1945.0,125.0,-67.0,0.0
823,54.65073585510254,1945.0,125.0,-67.0,0.0
824,54.69892644882202,1945.0,125.0,-67.0,0.0
825,54.741774559020996,1945.0,125.0,-67.0,0.0
826,54.790127992630005,1945.0,125.0,-67.0,0.0
827,54.839958906173706,1945.0,125.0,-67.0,0.0
828,54.890015602111816,1945.0,125.0,-67.0,0.0
829,54.9399197101593,1945.0,125.0,-67.0,0.0
830,54.981760025024414,1945.0,125.0,-67.0,0.0
831,55.03078579902649,1945.0,125.0,-67.0,0.0
832,55.08115339279175,1945.0,125.0,-67.0,0.0
833,55.12975001335144,1945.0,125.0,-67.0,0.0
834,55.18004751205444,1945.0,125.0,-67.0,0.0
835,55.227909564971924,1945.0,125.0,-67.0,0.0
836,55.269097089767456,1945.0,125.0,-67.0,0.0
837,55.31977725028992,1945.0,125.0,-67.0,0.0
838,55.36937689781189,1945.0,125.0,-67.0,0.0
839,55.42018103599548,1945.0,125.0,-67.0,0.0
840,56.47078585624695,1945.0,125.0,-106.0,0.0
841,56.52254557609558,1942.0,125.0,-301.0,-6.0
842,56.57044005393982,1902.0,122.0,-502.0,-61.0
843,56.61990809440613,1806.0,113.0,-521.0,-138.0
844,56.66120743751526,1663.0,101.0,-424.0,-193.0
845,56.71153545379639,1498.0,86.0,-316.0,-218.0
846,56.76170611381531,1328.0,71.0,-238.0,-229.0
847,56.810827016830444,1147.0,55.0,-177.0,-238.0
848,56.8598153591156,968.0,40.0,-134.0,-243.0
849,56.901822566986084,779.0,23.0,-95.0,-253.0
850,56.953686237335205,580.0,5.0,-56.0,-265.0
851,57.000070333480835,369.0,-13.0,-30.0,-276.0
852,57.052062034606934,186.0,-29.0,209.0,-238.0
853,57.10020661354065,98.0,-37.0,418.0,-96.0
854,57.142345666885376,91.0,-37.0,321.0,-9.0
855,57.190969705581665,92.0,-37.0,229.0,0.0
856,57.241321325302124,92.0,-37.0,177.0,0.0
857,57.290849924087524,92.0,-37.0,150.0,0.0
858,57.33975577354431,92.0,-37.0,136.0,0.0
859,57.38185906410217,92.0,-37.0,128.0,0.0
860,57.430893659591675,92.0,-37.0,124.0,0.0
861,57.47978711128235,92.0,-37.0,121.0,0.0
862,57.53002738952637,92.0,-37.0,120.0,0.0
863,57.57944393157959,92.0,-37.0,120.0,0.0
864,57.620558738708496,92.0,-37.0,119.0,0.0
865,57.671045541763306,92.0,-37.0,119.0,0.0
866,57.72187781333923,92.0,-37.0,119.0,0.0
867,57.77142691612244,92.0,-37.0,119.0,0.0
868,57.81376242637634,92.0,-37.0,119.0,0.0
869,57.86402893066406,92.0,-37.0,119.0,0.0
870,57.91392493247986,92.0,-37.0,119.0,0.0
871,57.96327352523804,92.0,-37.0,119.0,0.0
872,58.004974126815796,92.0,-37.0,119.0,0.0
873,58.05940341949463,92.0,-37.0,119.0,0.0
874,58.10553598403931,92.0,-37.0,119.0,0.0
875,58.15582489967346,92.0,-37.0,119.0,0.0
876,58.1969051361084,92.0,-37.0,119.0,0.0
877,58.246395111083984,92.0,-37.0,119.0,0.0
878,58.29612874984741,92.0,-37.0,119.0,0.0
879,58.34685254096985,92.0,-37.0,119.0,0.0
880,58.39604425430298,92.0,-37.0,119.0,0.0
881,58.43879461288452,92.0,-37.0,119.0,0.0
882,58.4887056350708,92.0,-37.0,119.0,0.0
883,58.53806757926941,92.0,-37.0,117.0,0.0
884,58.58691954612732,92.0,-37.0,117.0,0.0
885,58.628690242767334,92.0,-37.0,118.0,0.0
886,58.67841601371765,92.0,-37.0,118.0,0.0
887,58.72867393493652,92.0,-37.0,119.0,0.0
888,58.77897524833679,92.0,-37.0,119.0,0.0
889,58.827768325805664,92.0,-37.0,119.0,0.0
890,58.869776248931885,92.0,-37.0,119.0,0.0
891,58.91973328590393,92.0,-37.0,119.0,0.0
892,58.97023606300354,92.0,-37.0,119.0,0.0
893,59.01994800567627,92.0,-37.0,119.0,0.0
894,59.06170034408569,92.0,-37.0,119.0,0.0
895,59.112366914749146,92.0,-37.0,119.0,0.0
896,59.1619176864624,92.0,-37.0,119.0,0.0
897,59.21128487586975,92.0,-37.0,119.0,0.0
898,59.25937247276306,92.0,-37.0,119.0,0.0
899,59.30237889289856,92.0,-37.0,119.0,0.0
900,60.362120628356934,92.0,-37.0,159.0,0.0
901,60.410988569259644,97.0,-37.0,341.0,10.0
902,60.452800035476685,140.0,-33.0,522.0,67.0
903,60.50256872177124,235.0,-25.0,535.0,134.0
904,60.55286407470703,369.0,-13.0,448.0,182.0
905,60.60216951370239,520.0,0.0,360.0,199.0
906,60.65073776245117,670.0,13.0,305.0,201.0
907,60.699463844299316,822.0,27.0,277.0,200.0
908,60.74147033691406,973.0,40.0,259.0,202.0
909,60.79136514663696,1127.0,54.0,243.0,206.0
910,60.83959436416626,1285.0,67.0,224.0,214.0
911,60.88968014717102,1455.0,82.0,196.0,224.0
912,60.939849615097046,1633.0,98.0,141.0,239.0
913,60.98177790641785,1812.0,114.0,8.0,229.0
914,61.03084421157837,1917.0,123.0,-247.0,125.0
915,61.08038377761841,1945.0,125.0,-250.0,28.0
916,61.12999129295349,1945.0,125.0,-173.0,1.0
917,61.17946124076843,1945.0,125.0,-123.0,0.0
918,61.22029781341553,1945.0,125.0,-97.0,0.0
919,61.26988649368286,1945.0,125.0,-83.0,0.0
920,61.31971979141235,1945.0,125.0,-76.0,0.0
921,61.37052512168884,1945.0,125.0,-72.0,0.0
922,61.41218185424805,1945.0,125.0,-70.0,0.0
923,61.46415042877197,1945.0,125.0,-68.0,0.0
924,61.512768030166626,1945.0,125.0,-68.0,0.0
925,61.561641693115234,1945.0,125.0,-67.0,0.0
926,61.6112756729126,1945.0,125.0,-67.0,0.0
927,61.65242862701416,1945.0,125.0,-67.0,0.0
928,61.7025351524353,1945.0,125.0,-67.0,0.0
929,61.752525329589844,1945.0,125.0,-67.0,0.0
930,61.802311420440674,1945.0,125.0,-67.0,0.0
931,61.85186839103699,1945.0,125.0,-67.0,0.0
932,61.893709659576416,1945.0,125.0,-67.0,0.0
933,61.9440815448761,1945.0,125.0,-67.0,0.0
934,61.99309515953064,1945.0,125.0,-67.0,0.0
935,62.04282212257385,1945.0,125.0,-67.0,0.0
936,62.091784715652466,1945.0,125.0,-67.0,0.0
937,62.13352560997009,1945.0,125.0,-67.0,0.0
938,62.1819863319397,1945.0,125.0,-67.0,0.0
939,62.23134207725525,1945.0,125.0,-67.0,0.0
940,62.28264784812927,1945.0,125.0,-67.0,0.0
941,62.331631898880005,1945.0,125.0,-67.0,0.0
942,62.373148679733276,1945.0,125.0,-67.0,0.0
943,62.42455172538757,1945.0,125.0,-67.0,0.0
944,62.47321033477783,1945.0,125.0,-67.0,0.0
945,62.5225567817688,1945.0,125.0,-67.0,0.0
946,62.5714852809906,1945.0,125.0,-67.0,0.0
947,62.61355257034302,1945.0,125.0,-67.0,0.0
948,62.66640567779541,1945.0,125.0,-67.0,0.0
949,62.71362233161926,1945.0,125.0,-67.0,0.0
950,62.76385831832886,1945.0,125.0,-67.0,0.0
951,62.8055214881897,1945.0,125.0,-67.0,0.0
952,62.85737419128418,1945.0,125.0,-67.0,0.0
953,62.90495181083679,1945.0,125.0,-67.0,0.0
954,62.955249309539795,1945.0,125.0,-67.0,0.0
955,62.996259450912476,1945.0,125.0,-67.0,0.0
956,63.04677605628967,1945.0,125.0,-67.0,0.0
957,63.09637260437012,1945.0,125.0,-67.0,0.0
958,63.14578199386597,1945.0,125.0,-67.0,0.0
959,63.19569540023804,1945.0,125.0,-67.0,0.0
960,64.24774289131165,1945.0,125.0,-108.0,0.0
961,64.29683303833008,1942.0,125.0,-300.0,-6.0
962,64.34608721733093,1902.0,122.0,-503.0,-61.0
963,64.38841009140015,1805.0,113.0,-522.0,-138.0
964,64.43915009498596,1662.0,101.0,-424.0,-193.0
965,64.48892593383789,1497.0,86.0,-317.0,-218.0
966,64.53892111778259,1329.0,71.0,-239.0,-228.0
967,64.58048105239868,1150.0,56.0,-179.0,-237.0
968,64.6311240196228,967.0,40.0,-134.0,-244.0
969,64.67978405952454,778.0,23.0,-96.0,-253.0
970,64.72911262512207,580.0,5.0,-57.0,-265.0
971,64.77838730812073,367.0,-13.0,-30.0,-275.0
972,64.8204255104065,187.0,-29.0,276.0,-236.0
973,64.8728711605072,98.0,-37.0,451.0,-98.0
974,64.91973161697388,91.0,-37.0,340.0,-10.0
975,64.9683027267456,92.0,-37.0,238.0,0.0
976,65.01718640327454,92.0,-37.0,182.0,0.0
977,65.06713891029358,92.0,-37.0,153.0,0.0
978,65.10777473449707,92.0,-37.0,137.0,0.0
979,65.15793752670288,92.0,-37.0,129.0,0.0
980,65.20786356925964,92.0,-37.0,124.0,0.0
981,65.25893044471741,92.0,-37.0,122.0,0.0
982,65.30744743347168,92.0,-37.0,120.0,0.0
983,65.34835577011108,92.0,-37.0,120.0,0.0
984,65.39907336235046,92.0,-37.0,119.0,0.0
985,65.44973039627075,92.0,-37.0,119.0,0.0
986,65.49888944625854,92.0,-37.0,119.0,0.0
987,65.54780650138855,92.0,-37.0,119.0,0.0
988,65.58923768997192,92.0,-37.0,119.0,0.0
989,65.63816475868225,92.0,-37.0,119.0,0.0
990,65.6878457069397,92.0,-37.0,119.0,0.0
991,65.7372088432312,92.0,-37.0,119.0,0.0
992,65.78655433654785,92.0,-37.0,119.0,0.0
993,65.83586168289185,92.0,-37.0,119.0,0.0
994,65.87647080421448,92.0,-37.0,119.0,0.0
995,65.9260368347168,92.0,-37.0,119.0,0.0
996,65.97633862495422,92.0,-37.0,119.0,0.0
997,66.02621626853943,92.0,-37.0,119.0,0.0
998,66.07505583763123,92.0,-37.0,117.0,0.0
999,66.11665749549866,92.0,-37.0,117.0,0.0
1000,66.16565251350403,92.0,-37.0,118.0,0.0
1001,66.21579027175903,92.0,-37.0,118.0,0.0
1002,66.26565527915955,92.0,-37.0,119.0,0.0
1003,66.31513977050781,92.0,-37.0,119.0,0.0
1004,66.35693073272705,92.0,-37.0,119.0,0.0
1005,66.40782165527344,92.0,-37.0,119.0,0.0
1006,66.45661520957947,92.0,-37.0,119.0,0.0
1007,66.49962544441223,92.0,-37.0,119.0,0.0
1008,66.55009651184082,92.0,-37.0,119.0,0.0
1009,66.60056185722351,92.0,-37.0,119.0,0.0
1010,66.65028715133667,92.0,-37.0,119.0,0.0
1011,66.69259929656982,92.0,-37.0,119.0,0.0
1012,66.74342560768127,92.0,-37.0,119.0,0.0
1013,66.79189705848694,92.0,-37.0,119.0,0.0
1014,66.8416063785553,92.0,-37.0,119.0,0.0
1015,66.8913586139679,92.0,-37.0,119.0,0.0
1016,66.93389749526978,92.0,-37.0,119.0,0.0
1017,66.98274326324463,92.0,-37.0,119.0,0.0
1018,67.03385305404663,92.0,-37.0,119.0,0.0
1019,67.08344626426697,92.0,-37.0,119.0,0.0
1020,68.13401126861572,92.0,-37.0,128.0,0.0
1021,68.1837706565857,97.0,-37.0,231.0,10.0
1022,68.23302245140076,139.0,-33.0,363.0,66.0
1023,68.28295683860779,235.0,-25.0,441.0,135.0
1024,68.32467794418335,371.0,-13.0,398.0,182.0
1025,68.37301325798035,520.0,0.0,335.0,199.0
1026,68.42258214950562,670.0,13.0,291.0,201.0
1027,68.47307181358337,822.0,27.0,268.0,201.0
1028,68.52333641052246,976.0,40.0,252.0,203.0
1029,68.5644006729126,1129.0,54.0,238.0,208.0
1030,68.61403155326843,1289.0,68.0,218.0,215.0
1031,68.6636233329773,1459.0,83.0,192.0,225.0
1032,68.71272420883179,1637.0,98.0,137.0,239.0
1033,68.76221346855164,1818.0,114.0,16.0,227.0
1034,68.81137347221375,1919.0,123.0,-193.0,123.0
1035,68.85338258743286,1945.0,125.0,-222.0,27.0
1036,68.90193843841553,1945.0,125.0,-157.0,1.0
1037,68.9513635635376,1945.0,125.0,-115.0,0.0
1038,69.00126504898071,1945.0,125.0,-93.0,0.0
1039,69.04364967346191,1945.0,125.0,-81.0,0.0
1040,69.094899892807,1945.0,125.0,-74.0,0.0
1041,69.14320492744446,1945.0,125.0,-71.0,0.0
1042,69.19338893890381,1945.0,125.0,-69.0,0.0
1043,69.24297738075256,1945.0,125.0,-68.0,0.0
1044,69.29132556915283,1945.0,125.0,-68.0,0.0
1045,69.33334493637085,1945.0,125.0,-67.0,0.0
1046,69.38223266601562,1945.0,125.0,-67.0,0.0
1047,69.43212223052979,1945.0,125.0,-67.0,0.0
1048,69.48148989677429,1945.0,125.0,-67.0,0.0
1049,69.53104019165039,1945.0,125.0,-67.0,0.0
1050,69.57272386550903,1945.0,125.0,-67.0,0.0
1051,69.62358975410461,1945.0,125.0,-67.0,0.0
1052,69.67436242103577,1945.0,125.0,-67.0,0.0
1053,69.72294688224792,1945.0,125.0,-67.0,0.0
1054,69.76414346694946,1945.0,125.0,-67.0,0.0
1055,69.81512784957886,1945.0,125.0,-67.0,0.0
1056,69.86511850357056,1945.0,125.0,-67.0,0.0
1057,69.91510128974915,1945.0,125.0,-67.0,0.0
1058,69.96339583396912,1945.0,125.0,-67.0,0.0
1059,70.00550818443298,1945.0,125.0,-67.0,0.0
1060,70.054354429245,1945.0,125.0,-67.0,0.0
1061,70.10391879081726,1945.0,125.0,-67.0,0.0
1062,70.15351486206055,1945.0,125.0,-67.0,0.0
1063,70.1957414150238,1945.0,125.0,-67.0,0.0
1064,70.24531364440918,1945.0,125.0,-67.0,0.0
1065,70.29542469978333,1945.0,125.0,-67.0,0.0
1066,70.34485864639282,1945.0,125.0,-67.0,0.0
1067,70.39538764953613,1945.0,125.0,-67.0,0.0
1068,70.4368405342102,1945.0,125.0,-67.0,0.0
1069,70.48645949363708,1945.0,125.0,-67.0,0.0
1070,70.5354425907135,1945.0,125.0,-67.0,0.0
1071,70.58469223976135,1945.0,125.0,-67.0,0.0
1072,70.63477540016174,1945.0,125.0,-67.0,0.0
1073,70.68183875083923,1945.0,125.0,-67.0,0.0
1074,70.72500658035278,1945.0,125.0,-67.0,0.0
1075,70.77535676956177,1945.0,125.0,-67.0,0.0
1076,70.82563352584839,1945.0,125.0,-67.0,0.0
1077,70.87501239776611,1945.0,125.0,-67.0,0.0
1078,70.91602206230164,1945.0,125.0,-67.0,0.0
1079,70.96651768684387,1945.0,125.0,-67.0,0.0
1080,72.02400064468384,1945.0,125.0,-108.0,0.0
1081,72.07290053367615,1942.0,125.0,-306.0,-6.0
1082,72.12223482131958,1903.0,122.0,-513.0,-61.0
1083,72.16358995437622,1807.0,113.0,-529.0,-137.0
1084,72.21405243873596,1664.0,101.0,-429.0,-192.0
1085,72.26310634613037,1501.0,86.0,-320.0,-218.0
1086,72.31327676773071,1329.0,71.0,-240.0,-227.0
1087,72.36273646354675,1153.0,56.0,-180.0,-237.0
1088,72.40360569953918,971.0,40.0,-135.0,-244.0
1089,72.45283126831055,782.0,23.0,-97.0,-253.0
1090,72.50407934188843,581.0,6.0,-57.0,-266.0
1091,72.5525336265564,375.0,-13.0,-30.0,-276.0
1092,72.60177230834961,189.0,-29.0,237.0,-237.0
1093,72.65076470375061,98.0,-37.0,427.0,-99.0
1094,72.69262146949768,91.0,-37.0,328.0,-10.0
1095,72.74357318878174,92.0,-37.0,231.0,0.0
1096,72.79267191886902,92.0,-37.0,179.0,0.0
1097,72.84180903434753,92.0,-37.0,151.0,0.0
1098,72.89102554321289,92.0,-37.0,136.0,0.0
1099,72.93343114852905,92.0,-37.0,128.0,0.0
1100,72.9828028678894,92.0,-37.0,124.0,0.0
1101,73.03399205207825,92.0,-37.0,122.0,0.0
1102,73.08294606208801,92.0,-37.0,120.0,0.0
1103,73.12518215179443,92.0,-37.0,120.0,0.0
1104,73.17578744888306,92.0,-37.0,119.0,0.0
1105,73.22484016418457,92.0,-37.0,119.0,0.0
1106,73.27421975135803,92.0,-37.0,119.0,0.0
1107,73.3221423625946,92.0,-37.0,119.0,0.0
1108,73.36426091194153,92.0,-37.0,119.0,0.0
1109,73.41306018829346,92.0,-37.0,119.0,0.0
1110,73.46194887161255,92.0,-37.0,119.0,0.0
1111,73.51178240776062,92.0,-37.0,119.0,0.0
1112,73.56150126457214,92.0,-37.0,119.0,0.0
1113,73.6109025478363,92.0,-37.0,119.0,0.0
1114,73.65210103988647,92.0,-37.0,119.0,0.0
1115,73.70250844955444,92.0,-37.0,119.0,0.0
1116,73.75205779075623,92.0,-37.0,119.0,0.0
1117,73.80210518836975,92.0,-37.0,119.0,0.0
1118,73.84262418746948,92.0,-37.0,119.0,0.0
1119,73.8927264213562,92.0,-37.0,119.0,0.0
1120,73.94397687911987,92.0,-37.0,119.0,0.0
1121,73.99283862113953,92.0,-37.0,119.0,0.0
1122,74.04134130477905,92.0,-37.0,119.0,0.0
1123,74.09091782569885,92.0,-37.0,119.0,0.0
1124,74.13270568847656,92.0,-37.0,119.0,0.0
1125,74.18341135978699,92.0,-37.0,119.0,0.0
1126,74.23282051086426,92.0,-37.0,119.0,0.0
1127,74.28260827064514,92.0,-37.0,119.0,0.0
1128,74.33198165893555,92.0,-37.0,119.0,0.0
1129,74.37342405319214,92.0,-37.0,119.0,0.0
1130,74.42248773574829,92.0,-37.0,119.0,0.0
1131,74.47366404533386,92.0,-37.0,119.0,0.0
1132,74.52311635017395,92.0,-37.0,119.0,0.0
1133,74.56435036659241,92.0,-37.0,119.0,0.0
1134,74.61524796485901,92.0,-37.0,119.0,0.0
1135,74.66506171226501,92.0,-37.0,119.0,0.0
1136,74.71326780319214,92.0,-37.0,119.0,0.0
1137,74.76314496994019,92.0,-37.0,119.0,0.0
1138,74.80548310279846,92.0,-37.0,119.0,0.0
1139,74.85560870170593,92.0,-37.0,119.0,0.0
1140,75.91381669044495,92.0,-37.0,159.0,0.0
1141,75.96308159828186,97.0,-37.0,340.0,10.0
1142,76.00430679321289,141.0,-33.0,520.0,67.0
1143,76.0542209148407,235.0,-25.0,534.0,134.0
1144,76.10336828231812,370.0,-13.0,447.0,182.0
1145,76.15404772758484,523.0,0.0,360.0,199.0
1146,76.2029082775116,672.0,14.0,303.0,201.0
1147,76.24491858482361,824.0,27.0,274.0,201.0
1148,76.29465198516846,977.0,40.0,256.0,203.0
1149,76.34407687187195,1129.0,54.0,240.0,207.0
1150,76.39453983306885,1289.0,68.0,220.0,215.0
1151,76.43614625930786,1462.0,83.0,190.0,226.0
1152,76.48611354827881,1640.0,99.0,134.0,241.0
1153,76.53549766540527,1820.0,115.0,7.0,228.0
1154,76.5846221446991,1920.0,123.0,-261.0,120.0
1155,76.63474822044373,1945.0,125.0,-251.0,25.0
1156,76.67763328552246,1945.0,125.0,-174.0,1.0
1157,76.72661280632019,1945.0,125.0,-124.0,0.0
1158,76.77605676651001,1945.0,125.0,-98.0,0.0
1159,76.82650637626648,1945.0,125.0,-83.0,0.0
1160,76.86712145805359,1945.0,125.0,-76.0,0.0
1161,76.91766023635864,1945.0,125.0,-72.0,0.0
1162,76.9667317867279,1945.0,125.0,-70.0,0.0
1163,77.0145833492279,1945.0,125.0,-68.0,0.0
1164,77.06327176094055,1945.0,125.0,-68.0,0.0
1165,77.11338114738464,1945.0,125.0,-67.0,0.0
1166,77.16204118728638,1945.0,125.0,-67.0,0.0
1167,77.20335030555725,1946.0,126.0,-67.0,0.0
1168,77.2537567615509,1945.0,125.0,-67.0,0.0
1169,77.30243158340454,1945.0,125.0,-67.0,0.0
1170,77.35227465629578,1945.0,125.0,-67.0,0.0
1171,77.40112709999084,1945.0,125.0,-67.0,0.0
1172,77.44353008270264,1945.0,125.0,-67.0,0.0
1173,77.49654531478882,1945.0,125.0,-67.0,0.0
1174,77.54386377334595,1945.0,125.0,-67.0,0.0
1175,77.59177374839783,1945.0,125.0,-67.0,0.0
1176,77.64110493659973,1945.0,125.0,-67.0,0.0
1177,77.68983459472656,1945.0,125.0,-67.0,0.0
1178,77.73149919509888,1945.0,125.0,-67.0,0.0
1179,77.78135371208191,1945.0,125.0,-67.0,0.0
1180,77.83047485351562,1945.0,125.0,-67.0,0.0
1181,77.87941145896912,1945.0,125.0,-67.0,0.0
1182,77.92909169197083,1945.0,125.0,-67.0,0.0
1183,77.97776365280151,1945.0,125.0,-67.0,0.0
1184,78.02016949653625,1945.0,125.0,-67.0,0.0
1185,78.07062554359436,1945.0,125.0,-67.0,0.0
1186,78.11949443817139,1945.0,125.0,-67.0,0.0
1187,78.16828656196594,1945.0,125.0,-67.0,0.0
1188,78.21806406974792,1945.0,125.0,-67.0,0.0
1189,78.26077365875244,1945.0,125.0,-67.0,0.0
1190,78.30945777893066,1945.0,125.0,-67.0,0.0
1191,78.35875082015991,1945.0,125.0,-67.0,0.0
1192,78.40912127494812,1945.0,125.0,-67.0,0.0
1193,78.45715475082397,1945.0,125.0,-67.0,0.0
1194,78.49955320358276,1945.0,125.0,-67.0,0.0
1195,78.54848742485046,1945.0,125.0,-67.0,0.0
1196,78.59947347640991,1945.0,125.0,-67.0,0.0
1197,78.64738202095032,1945.0,125.0,-67.0,0.0
1198,78.69612526893616,1945.0,125.0,-67.0,0.0
1199,78.74646854400635,1945.0,125.0,-67.0,0.0
1200,79.80222988128662,1945.0,125.0,-74.0,0.0
1201,79.8505961894989,1943.0,125.0,-194.0,-6.0
1202,79.89261674880981,1903.0,122.0,-346.0,-60.0
1203,79.94267296791077,1807.0,113.0,-428.0,-136.0
1204,79.99272990226746,1664.0,101.0,-375.0,-192.0
1205,80.04092264175415,1498.0,86.0,-291.0,-218.0
1206,80.08334469795227,1329.0,71.0,-224.0,-228.0
1207,80.1333999633789,1152.0,56.0,-171.0,-237.0
1208,80.1814935207367,969.0,40.0,-131.0,-244.0
1209,80.23137927055359,780.0,23.0,-94.0,-253.0
1210,80.28043103218079,582.0,6.0,-56.0,-265.0
1211,80.33009171485901,374.0,-13.0,-29.0,-275.0
1212,80.37224793434143,188.0,-29.0,259.0,-238.0
1213,80.42182683944702,98.0,-37.0,454.0,-100.0
1214,80.4713020324707,91.0,-37.0,343.0,-10.0
1215,80.52255654335022,92.0,-37.0,240.0,0.0
1216,80.56351399421692,92.0,-37.0,183.0,0.0
1217,80.61416816711426,92.0,-37.0,153.0,0.0
1218,80.66311621665955,92.0,-37.0,137.0,0.0
1219,80.71513199806213,92.0,-37.0,129.0,0.0
1220,80.75505518913269,92.0,-37.0,124.0,0.0
1221,80.80539298057556,92.0,-37.0,122.0,0.0
1222,80.85589528083801,92.0,-37.0,120.0,0.0
1223,80.90402412414551,92.0,-37.0,120.0,0.0
1224,80.95331859588623,92.0,-37.0,119.0,0.0
1225,81.00271272659302,92.0,-37.0,119.0,0.0
1226,81.04565668106079,92.0,-37.0,119.0,0.0
1227,81.09398746490479,92.0,-37.0,119.0,0.0
1228,81.14364290237427,92.0,-37.0,119.0,0.0
1229,81.19285440444946,92.0,-37.0,119.0,0.0
1230,81.24179148674011,92.0,-37.0,119.0,0.0
1231,81.28385472297668,92.0,-37.0,119.0,0.0
1232,81.3331127166748,92.0,-37.0,119.0,0.0
1233,81.38248610496521,92.0,-37.0,119.0,0.0
1234,81.43281698226929,92.0,-37.0,119.0,0.0
1235,81.4823350906372,92.0,-37.0,119.0,0.0
1236,81.52301216125488,92.0,-37.0,119.0,0.0
1237,81.57297086715698,92.0,-37.0,119.0,0.0
1238,81.62302041053772,92.0,-37.0,119.0,0.0
1239,81.67180061340332,92.0,-37.0,119.0,0.0
1240,81.72188997268677,92.0,-37.0,119.0,0.0
1241,81.77064824104309,92.0,-37.0,119.0,0.0
1242,81.81229782104492,92.0,-37.0,119.0,0.0
1243,81.86215114593506,92.0,-37.0,119.0,0.0
1244,81.9120192527771,92.0,-37.0,119.0,0.0
1245,81.96263480186462,92.0,-37.0,119.0,0.0
1246,82.0069830417633,92.0,-37.0,119.0,0.0
1247,82.05425930023193,92.0,-37.0,119.0,0.0
1248,82.1037609577179,92.0,-37.0,119.0,0.0
1249,82.15415406227112,92.0,-37.0,119.0,0.0
1250,82.1959490776062,92.0,-37.0,119.0,0.0
1251,82.2453260421753,92.0,-37.0,119.0,0.0
1252,82.29478287696838,92.0,-37.0,119.0,0.0
1253,82.34509348869324,92.0,-37.0,119.0,0.0
1254,82.38697791099548,92.0,-37.0,119.0,0.0
1255,82.43715620040894,92.0,-37.0,119.0,0.0
1256,82.48722791671753,92.0,-37.0,119.0,0.0
1257,82.53713297843933,92.0,-37.0,119.0,0.0
1258,82.58588862419128,92.0,-37.0,119.0,0.0
1259,82.62761378288269,92.0,-37.0,119.0,0.0
1260,83.68769145011902,92.0,-37.0,156.0,0.0
1261,83.73705673217773,96.0,-37.0,339.0,10.0
1262,83.78618550300598,139.0,-33.0,517.0,67.0
1263,83.82680916786194,234.0,-25.0,532.0,134.0
1264,83.8773512840271,369.0,-13.0,448.0,182.0
1265,83.9269392490387,520.0,0.0,359.0,199.0
1266,83.97633767127991,671.0,13.0,302.0,202.0
1267,84.02663898468018,823.0,27.0,274.0,201.0
1268,84.06750679016113,977.0,40.0,257.0,203.0
1269,84.11740517616272,1129.0,54.0,241.0,207.0
1270,84.16691279411316,1289.0,68.0,221.0,215.0
1271,84.21691727638245,1460.0,83.0,191.0,226.0
1272,84.26660513877869,1639.0,99.0,134.0,241.0
1273,84.31318807601929,1819.0,114.0,19.0,228.0
1274,84.35782027244568,1920.0,123.0,-211.0,122.0
1275,84.40781927108765,1945.0,125.0,-232.0,25.0
1276,84.45705103874207,1945.0,125.0,-161.0,1.0
1277,84.49889731407166,1945.0,125.0,-118.0,0.0
1278,84.54849910736084,1945.0,125.0,-94.0,0.0
1279,84.59789681434631,1945.0,125.0,-82.0,0.0
1280,84.64890646934509,1945.0,125.0,-75.0,0.0
1281,84.69836163520813,1945.0,125.0,-71.0,0.0
1282,84.73934197425842,1945.0,125.0,-69.0,0.0
1283,84.78903436660767,1945.0,125.0,-68.0,0.0
1284,84.83846235275269,1945.0,125.0,-68.0,0.0
1285,84.88792943954468,1945.0,125.0,-67.0,0.0
1286,84.93758583068848,1945.0,125.0,-67.0,0.0
1287,84.9799382686615,1945.0,125.0,-67.0,0.0
1288,85.02852034568787,1945.0,125.0,-67.0,0.0
1289,85.0782458782196,1945.0,125.0,-67.0,0.0
1290,85.12772250175476,1945.0,125.0,-67.0,0.0
1291,85.17830085754395,1945.0,125.0,-67.0,0.0
1292,85.22034621238708,1945.0,125.0,-67.0,0.0
1293,85.2700707912445,1945.0,125.0,-67.0,0.0
1294,85.31925177574158,1945.0,125.0,-67.0,0.0
1295,85.36995053291321,1945.0,125.0,-67.0,0.0
1296,85.41483521461487,1945.0,125.0,-67.0,0.0
1297,85.46125173568726,1945.0,125.0,-67.0,0.0
1298,85.51182770729065,1945.0,125.0,-67.0,0.0
1299,85.56095433235168,1945.0,125.0,-67.0,0.0
1300,85.61024212837219,1945.0,125.0,-67.0,0.0
1301,85.65161561965942,1945.0,125.0,-67.0,0.0
1302,85.7013885974884,1945.0,125.0,-67.0,0.0
1303,85.75030541419983,1945.0,125.0,-67.0,0.0
1304,85.80053758621216,1945.0,125.0,-67.0,0.0
1305,85.8492169380188,1945.0,125.0,-67.0,0.0
1306,85.89840364456177,1945.0,125.0,-67.0,0.0
1307,85.94049143791199,1945.0,125.0,-67.0,0.0
1308,85.98937106132507,1945.0,125.0,-67.0,0.0
1309,86.04007768630981,1945.0,125.0,-67.0,0.0
1310,86.08910918235779,1945.0,125.0,-67.0,0.0
1311,86.13772773742676,1945.0,125.0,-67.0,0.0
1312,86.17954468727112,1945.0,125.0,-67.0,0.0
1313,86.22992706298828,1945.0,125.0,-67.0,0.0
1314,86.27931594848633,1945.0,125.0,-67.0,0.0
1315,86.32865643501282,1945.0,125.0,-67.0,0.0
1316,86.37785506248474,1945.0,125.0,-67.0,0.0
1317,86.4194872379303,1945.0,125.0,-67.0,0.0
1318,86.46866822242737,1945.0,125.0,-67.0,0.0
1319,86.51762127876282,1945.0,125.0,-67.0,0.0
1320,87.57617545127869,1945.0,125.0,-105.0,0.0
1321,87.62623691558838,1942.0,125.0,-306.0,-6.0
1322,87.66764235496521,1903.0,122.0,-512.0,-61.0
1323,87.72005081176758,1807.0,113.0,-527.0,-137.0
1324,87.76752185821533,1664.0,101.0,-428.0,-192.0
1325,87.81827354431152,1498.0,86.0,-320.0,-218.0
1326,87.85882329940796,1328.0,71.0,-240.0,-228.0
1327,87.9097638130188,1153.0,56.0,-180.0,-237.0
1328,87.95789694786072,971.0,40.0,-135.0,-244.0
1329,88.00820207595825,781.0,23.0,-96.0,-253.0
1330,88.0578887462616,582.0,6.0,-56.0,-266.0
1331,88.09893751144409,374.0,-13.0,-30.0,-276.0
1332,88.14730858802795,188.0,-29.0,212.0,-237.0
1333,88.197988986969,98.0,-37.0,422.0,-98.0
1334,88.24843740463257,91.0,-37.0,324.0,-9.0
1335,88.29734826087952,92.0,-37.0,229.0,0.0
1336,88.34626412391663,92.0,-37.0,178.0,0.0
1337,88.38717532157898,92.0,-37.0,150.0,0.0
1338,88.4371349811554,92.0,-37.0,136.0,0.0
1339,88.48723435401917,92.0,-37.0,128.0,0.0
1340,88.53714060783386,92.0,-37.0,124.0,0.0
1341,88.57855916023254,92.0,-37.0,121.0,0.0
1342,88.62908983230591,92.0,-37.0,120.0,0.0
1343,88.67881679534912,92.0,-37.0,120.0,0.0
1344,88.7276303768158,92.0,-37.0,119.0,0.0
1345,88.77777767181396,92.0,-37.0,119.0,0.0
1346,88.82251453399658,92.0,-37.0,119.0,0.0
1347,88.8691737651825,92.0,-37.0,119.0,0.0
1348,88.91875147819519,92.0,-37.0,119.0,0.0
1349,88.96876788139343,92.0,-37.0,119.0,0.0
1350,89.01824927330017,92.0,-37.0,119.0,0.0
1351,89.05976414680481,92.0,-37.0,119.0,0.0
1352,89.1099021434784,92.0,-37.0,119.0,0.0
1353,89.15839219093323,92.0,-37.0,119.0,0.0
1354,89.20838046073914,92.0,-37.0,119.0,0.0
1355,89.25806856155396,92.0,-37.0,119.0,0.0
1356,89.29992198944092,92.0,-37.0,119.0,0.0
1357,89.34919738769531,92.0,-37.0,119.0,0.0
1358,89.40017175674438,92.0,-37.0,119.0,0.0
1359,89.44869995117188,92.0,-37.0,119.0,0.0
1360,89.49805402755737,92.0,-37.0,119.0,0.0
1361,89.53996062278748,92.0,-37.0,119.0,0.0
1362,89.59078788757324,92.0,-37.0,119.0,0.0
1363,89.64011144638062,92.0,-37.0,119.0,0.0
1364,89.69033336639404,92.0,-37.0,119.0,0.0
1365,89.73182392120361,92.0,-37.0,119.0,0.0
1366,89.7810468673706,92.0,-37.0,119.0,0.0
1367,89.82933926582336,92.0,-37.0,119.0,0.0
1368,89.87869501113892,92.0,-37.0,119.0,0.0
1369,89.92956519126892,92.0,-37.0,119.0,0.0
1370,89.97074103355408,92.0,-37.0,119.0,0.0
1371,90.02523469924927,92.0,-37.0,119.0,0.0
1372,90.07161116600037,92.0,-37.0,119.0,0.0
1373,90.12035799026489,92.0,-37.0,119.0,0.0
1374,90.16959929466248,92.0,-37.0,119.0,0.0
1375,90.21225643157959,92.0,-37.0,119.0,0.0
1376,90.26205468177795,92.0,-37.0,119.0,0.0
1377,90.31149625778198,92.0,-37.0,119.0,0.0
1378,90.36186599731445,92.0,-37.0,119.0,0.0
1379,90.4035120010376,92.0,-37.0,119.0,0.0
1380,91.46588826179504,92.0,-37.0,155.0,0.0
1381,91.50705742835999,96.0,-37.0,334.0,9.0
1382,91.5572099685669,139.0,-33.0,515.0,65.0
1383,91.60743570327759,232.0,-25.0,534.0,132.0
1384,91.65780115127563,366.0,-13.0,449.0,181.0
1385,91.69967198371887,518.0,0.0,362.0,199.0
1386,91.74842309951782,668.0,13.0,305.0,201.0
1387,91.798166513443,819.0,27.0,276.0,201.0
1388,91.84770607948303,971.0,40.0,258.0,203.0
1389,91.89655447006226,1126.0,53.0,241.0,207.0
1390,91.94586396217346,1285.0,67.0,222.0,214.0
1391,91.98733186721802,1458.0,83.0,192.0,226.0
1392,92.03668594360352,1633.0,98.0,138.0,240.0
1393,92.08684396743774,1814.0,114.0,28.0,230.0
1394,92.13744688034058,1918.0,123.0,-219.0,125.0
1395,92.17891907691956,1945.0,125.0,-241.0,27.0
1396,92.23011755943298,1945.0,125.0,-169.0,2.0
1397,92.27842020988464,1946.0,126.0,-125.0,0.0
1398,92.32978129386902,1946.0,126.0,-101.0,0.0
1399,92.37047481536865,1946.0,126.0,-87.0,0.0
1400,92.42095112800598,1946.0,126.0,-80.0,0.0
1401,92.46940064430237,1946.0,126.0,-77.0,0.0
1402,92.51832318305969,1946.0,126.0,-75.0,0.0
1403,92.56884789466858,1946.0,126.0,-74.0,0.0
1404,92.61797881126404,1946.0,126.0,-73.0,0.0
1405,92.65956926345825,1946.0,126.0,-73.0,0.0
1406,92.7093768119812,1946.0,126.0,-73.0,0.0
1407,92.75766777992249,1946.0,126.0,-73.0,0.0
1408,92.8084716796875,1945.0,125.0,-72.0,0.0
1409,92.85593008995056,1946.0,126.0,-72.0,0.0
1410,92.90542793273926,1946.0,126.0,-72.0,0.0
1411,92.94740128517151,1946.0,126.0,-72.0,0.0
1412,92.99677681922913,1946.0,126.0,-73.0,0.0
1413,93.04551815986633,1946.0,126.0,-73.0,0.0
1414,93.09513020515442,1946.0,126.0,-72.0,0.0
1415,93.14573907852173,1946.0,126.0,-72.0,0.0
1416,93.19415998458862,1946.0,126.0,-72.0,0.0
1417,93.2355797290802,1946.0,126.0,-72.0,0.0
1418,93.28470993041992,1946.0,126.0,-72.0,0.0
1419,93.3351697921753,1946.0,126.0,-72.0,0.0
1420,93.38559556007385,1946.0,126.0,-72.0,0.0
1421,93.43348383903503,1945.0,125.0,-72.0,0.0
1422,93.47509169578552,1946.0,126.0,-72.0,0.0
1423,93.52545547485352,1946.0,126.0,-72.0,0.0
1424,93.57503938674927,1946.0,126.0,-72.0,0.0
1425,93.62435269355774,1946.0,126.0,-72.0,0.0
1426,93.6739149093628,1946.0,126.0,-72.0,0.0
1427,93.71511840820312,1946.0,126.0,-72.0,0.0
1428,93.76539325714111,1946.0,126.0,-72.0,0.0
1429,93.81601643562317,1945.0,125.0,-72.0,0.0
1430,93.86572527885437,1946.0,126.0,-72.0,0.0
1431,93.90670347213745,1946.0,126.0,-72.0,0.0
1432,93.95647263526917,1946.0,126.0,-72.0,0.0
1433,94.00672245025635,1946.0,126.0,-72.0,0.0
1434,94.05630445480347,1946.0,126.0,-72.0,0.0
1435,94.10616564750671,1946.0,126.0,-72.0,0.0
1436,94.1479377746582,1946.0,126.0,-72.0,0.0
1437,94.19749617576599,1946.0,126.0,-72.0,0.0
1438,94.2452666759491,1946.0,126.0,-72.0,0.0
1439,94.29584336280823,1946.0,126.0,-72.0,0.0
