,time,PWM,angle,load
0,0.24642491340637207,0.0,-45.0,0.0
1,0.27774500846862793,0.0,-45.0,0.0
2,0.3089289665222168,0.0,-45.0,0.0
3,0.34897804260253906,0.0,-45.0,0.0
4,0.37961769104003906,0.0,-45.0,0.0
5,0.4123420715332031,0.0,-45.0,0.0
6,0.44484972953796387,0.0,-45.0,0.0
7,0.47011446952819824,0.0,-45.0,0.0
8,0.5012795925140381,0.0,-45.0,0.0
9,0.5426554679870605,0.0,-45.0,0.0
10,0.5646331310272217,0.0,-45.0,0.0
11,0.5958948135375977,0.0,-45.0,0.0
12,0.6321218013763428,0.0,-45.0,0.0
13,0.6589071750640869,0.0,-45.0,0.0
14,0.6901555061340332,0.0,-45.0,0.0
15,0.7324836254119873,0.0,-45.0,0.0
16,0.7623143196105957,0.0,-45.0,0.0
17,0.7862696647644043,0.0,-45.0,0.0
18,0.8175222873687744,0.0,-45.0,0.0
19,0.8493866920471191,0.0,-45.0,0.0
20,0.88065505027771,0.0,-45.0,0.0
21,0.9201209545135498,0.0,-45.0,0.0
22,0.9533770084381104,0.0,-45.0,0.0
23,0.9847757816314697,0.0,-45.0,0.0
24,1.016040563583374,0.0,-45.0,0.0
25,1.047685146331787,0.0,-45.0,0.0
26,1.078946590423584,0.0,-45.0,0.0
27,1.1185142993927002,0.0,-45.0,0.0
28,1.1417970657348633,0.0,-45.0,0.0
29,1.1731274127960205,0.0,-45.0,0.0
30,2.425999164581299,22.0,-44.0,265.0
31,2.450601100921631,40.0,-42.0,290.0
32,2.481855630874634,64.0,-40.0,285.0
33,2.513108968734741,91.0,-37.0,258.0
34,2.544748306274414,117.0,-35.0,228.0
35,2.5760562419891357,139.0,-33.0,201.0
36,2.6073176860809326,158.0,-32.0,177.0
37,2.6399474143981934,171.0,-30.0,165.0
38,2.6730599403381348,182.0,-29.0,159.0
39,2.703599691390991,189.0,-29.0,154.0
40,2.7379422187805176,192.0,-29.0,153.0
41,2.782366991043091,192.0,-29.0,164.0
42,2.8135576248168945,192.0,-29.0,175.0
43,2.846850872039795,192.0,-29.0,183.0
44,2.878275156021118,192.0,-29.0,188.0
45,2.909742832183838,192.0,-29.0,191.0
46,2.942732810974121,192.0,-29.0,194.0
47,2.968435525894165,192.0,-29.0,195.0
48,2.9980859756469727,192.0,-29.0,196.0
49,3.0383517742156982,192.0,-29.0,197.0
50,3.061002254486084,192.0,-29.0,197.0
51,3.0922555923461914,192.0,-29.0,197.0
52,3.1346304416656494,192.0,-29.0,198.0
53,3.155283212661743,192.0,-29.0,198.0
54,3.186533212661743,192.0,-29.0,198.0
55,3.217783212661743,192.0,-29.0,195.0
56,3.249424457550049,192.0,-29.0,196.0
57,3.2809391021728516,192.0,-29.0,197.0
58,3.3134639263153076,193.0,-29.0,197.0
59,3.34399676322937,192.0,-29.0,197.0
60,4.5955810546875,216.0,-27.0,255.0
61,4.626834869384766,228.0,-25.0,241.0
62,4.658494710922241,243.0,-24.0,225.0
63,4.689741849899292,256.0,-23.0,214.0
64,4.733360052108765,268.0,-22.0,205.0
65,4.752906322479248,279.0,-21.0,197.0
66,4.78416895866394,288.0,-20.0,192.0
67,4.815417528152466,295.0,-20.0,189.0
68,4.848556995391846,299.0,-19.0,186.0
69,4.881598711013794,301.0,-19.0,191.0
70,4.9191882610321045,301.0,-19.0,198.0
71,4.943642854690552,301.0,-19.0,206.0
72,4.98305344581604,301.0,-19.0,212.0
73,5.0175697803497314,302.0,-19.0,216.0
74,5.047109603881836,302.0,-19.0,218.0
75,5.078372478485107,302.0,-19.0,219.0
76,5.110841274261475,302.0,-19.0,220.0
77,5.141510963439941,302.0,-19.0,220.0
78,5.172666788101196,302.0,-19.0,221.0
79,5.2039666175842285,302.0,-19.0,221.0
80,5.2457122802734375,302.0,-19.0,221.0
81,5.266855716705322,302.0,-19.0,221.0
82,5.298105716705322,302.0,-19.0,221.0
83,5.341865539550781,302.0,-19.0,221.0
84,5.361011981964111,302.0,-19.0,221.0
85,5.392263174057007,302.0,-19.0,221.0
86,5.432591199874878,302.0,-19.0,221.0
87,5.456297159194946,302.0,-19.0,221.0
88,5.487561225891113,302.0,-19.0,221.0
89,5.5278754234313965,302.0,-19.0,221.0
90,6.782228231430054,323.0,-17.0,270.0
91,6.81355619430542,337.0,-16.0,250.0
92,6.845304727554321,353.0,-14.0,226.0
93,6.876468658447266,368.0,-13.0,207.0
94,6.908700942993164,380.0,-12.0,195.0
95,6.940791845321655,391.0,-11.0,188.0
96,6.965044021606445,398.0,-11.0,190.0
97,6.9973156452178955,403.0,-10.0,193.0
98,7.030354976654053,406.0,-10.0,206.0
99,7.060415267944336,408.0,-10.0,212.0
100,7.099904298782349,408.0,-10.0,222.0
101,7.124491930007935,408.0,-10.0,231.0
102,7.156136751174927,409.0,-10.0,237.0
103,7.1873979568481445,409.0,-10.0,241.0
104,7.2294745445251465,409.0,-10.0,244.0
105,7.25049614906311,409.0,-10.0,246.0
106,7.2820656299591064,408.0,-10.0,247.0
107,7.313327074050903,409.0,-10.0,248.0
108,7.346094369888306,409.0,-10.0,248.0
109,7.37624192237854,409.0,-10.0,248.0
110,7.415574073791504,409.0,-10.0,249.0
111,7.446025133132935,409.0,-10.0,249.0
112,7.471680402755737,409.0,-10.0,249.0
113,7.502934455871582,409.0,-10.0,249.0
114,7.5503435134887695,409.0,-10.0,249.0
115,7.581674098968506,409.0,-10.0,249.0
116,7.612861156463623,409.0,-10.0,249.0
117,7.645526885986328,409.0,-10.0,249.0
118,7.6769022941589355,409.0,-10.0,249.0
119,7.708149671554565,409.0,-10.0,249.0
120,8.958282232284546,466.0,-5.0,311.0
121,8.988562107086182,489.0,-3.0,303.0
122,9.01980972290039,514.0,0.0,288.0
123,9.05146074295044,540.0,2.0,265.0
124,9.082724332809448,565.0,4.0,245.0
125,9.113974332809448,585.0,6.0,229.0
126,9.149873495101929,601.0,7.0,227.0
127,9.17817735671997,616.0,9.0,217.0
128,9.21133041381836,626.0,10.0,207.0
129,9.241971731185913,633.0,10.0,207.0
130,9.273123264312744,637.0,11.0,207.0
131,9.304373025894165,637.0,11.0,217.0
132,9.335623025894165,637.0,11.0,229.0
133,9.367274045944214,637.0,11.0,238.0
134,9.398524761199951,637.0,11.0,243.0
135,9.431639194488525,637.0,11.0,247.0
136,9.463241338729858,637.0,11.0,250.0
137,9.49449348449707,637.0,11.0,251.0
138,9.52574348449707,637.0,11.0,252.0
139,9.557385206222534,637.0,11.0,253.0
140,9.588644742965698,637.0,11.0,254.0
141,9.619898080825806,637.0,11.0,254.0
142,9.651542901992798,637.0,11.0,254.0
143,9.683123350143433,637.0,11.0,254.0
144,9.71438455581665,637.0,11.0,254.0
145,9.75366759300232,637.0,11.0,254.0
146,9.77826738357544,637.0,11.0,254.0
147,9.820013284683228,637.0,11.0,254.0
148,9.850175142288208,637.0,11.0,254.0
149,9.872560024261475,637.0,11.0,254.0
150,11.133634328842163,691.0,15.0,325.0
151,11.165428876876831,714.0,17.0,317.0
152,11.196695804595947,739.0,19.0,306.0
153,11.227946519851685,766.0,22.0,289.0
154,11.259612321853638,793.0,24.0,256.0
155,11.290879011154175,816.0,26.0,228.0
156,11.322128772735596,837.0,28.0,205.0
157,11.355140924453735,850.0,29.0,194.0
158,11.387996196746826,859.0,30.0,187.0
159,11.41837739944458,868.0,31.0,181.0
160,11.45323371887207,869.0,31.0,184.0
161,11.474019527435303,870.0,31.0,196.0
162,11.505269289016724,870.0,31.0,207.0
163,11.536516189575195,870.0,31.0,216.0
164,11.568156719207764,870.0,31.0,221.0
165,11.599424123764038,870.0,31.0,225.0
166,11.630666494369507,870.0,31.0,227.0
167,11.677954912185669,870.0,31.0,229.0
168,11.70920467376709,870.0,31.0,230.0
169,11.740456342697144,870.0,31.0,231.0
170,11.772324085235596,870.0,31.0,231.0
171,11.803565502166748,870.0,31.0,231.0
172,11.834831953048706,870.0,31.0,232.0
173,11.868563175201416,870.0,31.0,232.0
174,11.89980673789978,870.0,31.0,232.0
175,11.931935787200928,870.0,31.0,232.0
176,11.964427947998047,870.0,31.0,232.0
177,11.995682954788208,870.0,31.0,232.0
178,12.026938915252686,870.0,31.0,232.0
179,12.058579206466675,870.0,31.0,232.0
180,13.295874118804932,920.0,35.0,282.0
181,13.327123641967773,945.0,38.0,262.0
182,13.358768701553345,971.0,40.0,244.0
183,13.40572476387024,999.0,42.0,221.0
184,13.437675952911377,1022.0,44.0,201.0
185,13.470178842544556,1045.0,46.0,179.0
186,13.486637115478516,1064.0,48.0,167.0
187,13.534117460250854,1081.0,50.0,145.0
188,13.556790351867676,1094.0,51.0,124.0
189,13.598106145858765,1100.0,51.0,126.0
190,13.629854440689087,1102.0,51.0,137.0
191,13.66159725189209,1103.0,51.0,149.0
192,13.69292688369751,1103.0,51.0,161.0
193,13.724109888076782,1103.0,51.0,170.0
194,13.75796890258789,1103.0,51.0,176.0
195,13.786765813827515,1103.0,51.0,179.0
196,13.818015575408936,1103.0,51.0,182.0
197,13.849266767501831,1103.0,51.0,184.0
198,13.880931615829468,1103.0,51.0,185.0
199,13.912836074829102,1103.0,51.0,185.0
200,13.94493317604065,1103.0,51.0,186.0
201,13.96864652633667,1103.0,51.0,186.0
202,14.013648986816406,1103.0,51.0,186.0
203,14.040738821029663,1103.0,51.0,186.0
204,14.072380542755127,1103.0,51.0,187.0
205,14.103639841079712,1103.0,51.0,187.0
206,14.134889602661133,1103.0,51.0,187.0
207,14.166530847549438,1103.0,51.0,187.0
208,14.197790622711182,1103.0,51.0,187.0
209,14.229041576385498,1103.0,51.0,187.0
210,15.472737550735474,1158.0,56.0,264.0
211,15.504382133483887,1180.0,58.0,247.0
212,15.535651683807373,1207.0,61.0,226.0
213,15.575779914855957,1236.0,63.0,192.0
214,15.600438117980957,1264.0,66.0,156.0
215,15.631697416305542,1287.0,68.0,128.0
216,15.66334342956543,1306.0,69.0,105.0
217,15.69561505317688,1321.0,71.0,91.0
218,15.728656530380249,1332.0,72.0,78.0
219,15.76025104522705,1341.0,72.0,63.0
220,15.80601716041565,1345.0,73.0,61.0
221,15.837272882461548,1346.0,73.0,68.0
222,15.869120836257935,1346.0,73.0,80.0
223,15.900386810302734,1346.0,73.0,89.0
224,15.932343006134033,1346.0,73.0,95.0
225,15.960649967193604,1346.0,73.0,100.0
226,15.988304376602173,1346.0,73.0,102.0
227,16.019554138183594,1346.0,73.0,104.0
228,16.060810804367065,1346.0,73.0,105.0
229,16.082462787628174,1346.0,73.0,106.0
230,16.122756242752075,1346.0,73.0,107.0
231,16.14653754234314,1346.0,73.0,107.0
232,16.178187608718872,1346.0,73.0,107.0
233,16.20943832397461,1346.0,73.0,107.0
234,16.240687608718872,1346.0,73.0,107.0
235,16.272329330444336,1346.0,73.0,107.0
236,16.3035888671875,1346.0,73.0,108.0
237,16.33483910560608,1346.0,73.0,108.0
238,16.366480827331543,1346.0,73.0,108.0
239,16.413365840911865,1346.0,73.0,108.0
