,time,larm_PWM,larm_angle,larm_load,larm_vel,rarm_PWM,rarm_angle,rarm_load,rarm_vel,lleg_PWM,lleg_angle,lleg_load,lleg_vel,rleg_PWM,rleg_angle,rleg_load,rleg_vel
0,0.09122490882873535,-1.0,-45.0,3.0,0.0,0.0,-45.0,0.0,0.0,0.0,-100.0,8.0,0.0,0.0,-100.0,0.0,0.0
1,0.18575310707092285,-1.0,-45.0,4.0,0.0,0.0,-45.0,0.0,0.0,0.0,-100.0,60.0,0.0,0.0,-100.0,0.0,0.0
2,0.28944969177246094,-1.0,-45.0,5.0,0.0,0.0,-45.0,0.0,0.0,2.0,-100.0,185.0,0.0,0.0,-100.0,0.0,0.0
3,0.3779256343841553,-1.0,-45.0,5.0,0.0,0.0,-45.0,0.0,0.0,10.0,-100.0,329.0,9.0,0.0,-100.0,0.0,0.0
4,0.480755090713501,0.0,-45.0,5.0,0.0,0.0,-45.0,0.0,0.0,18.0,-99.0,420.0,8.0,0.0,-100.0,0.0,0.0
5,0.5757243633270264,-1.0,-45.0,5.0,0.0,0.0,-45.0,0.0,0.0,61.0,-95.0,301.0,16.0,0.0,-100.0,0.0,0.0
6,0.6715431213378906,0.0,-45.0,5.0,0.0,0.0,-45.0,0.0,0.0,64.0,-95.0,302.0,0.0,0.0,-100.0,0.0,0.0
7,0.7730250358581543,-1.0,-45.0,5.0,0.0,0.0,-45.0,0.0,0.0,64.0,-95.0,303.0,0.0,0.0,-100.0,0.0,0.0
8,0.8554730415344238,0.0,-45.0,5.0,0.0,0.0,-45.0,0.0,0.0,64.0,-95.0,303.0,0.0,0.0,-100.0,0.0,0.0
9,1.0469095706939697,-1.0,-45.0,5.0,0.0,0.0,-45.0,0.0,0.0,64.0,-95.0,303.0,0.0,0.0,-100.0,0.0,0.0
10,1.1575422286987305,0.0,-45.0,5.0,0.0,0.0,-45.0,0.0,0.0,64.0,-95.0,303.0,0.0,0.0,-100.0,0.0,0.0
11,1.2533032894134521,0.0,-45.0,5.0,0.0,0.0,-45.0,0.0,0.0,64.0,-95.0,303.0,0.0,0.0,-100.0,0.0,0.0
12,1.3413739204406738,-1.0,-45.0,5.0,0.0,0.0,-45.0,0.0,0.0,64.0,-95.0,303.0,0.0,0.0,-100.0,0.0,0.0
13,1.438798189163208,-1.0,-45.0,5.0,0.0,0.0,-45.0,0.0,0.0,64.0,-95.0,303.0,0.0,0.0,-100.0,0.0,0.0
14,1.5400481224060059,-1.0,-45.0,5.0,0.0,0.0,-45.0,0.0,0.0,64.0,-95.0,303.0,0.0,0.0,-100.0,0.0,0.0
15,1.6355819702148438,-1.0,-45.0,5.0,0.0,0.0,-45.0,0.0,0.0,64.0,-95.0,303.0,0.0,0.0,-100.0,0.0,0.0
16,1.730247974395752,-1.0,-45.0,5.0,0.0,0.0,-45.0,0.0,0.0,64.0,-95.0,303.0,0.0,0.0,-100.0,0.0,0.0
17,1.8203694820404053,-1.0,-45.0,5.0,0.0,0.0,-45.0,0.0,0.0,64.0,-95.0,303.0,0.0,0.0,-100.0,0.0,0.0
18,1.9159281253814697,-1.0,-45.0,5.0,0.0,0.0,-45.0,0.0,0.0,64.0,-95.0,303.0,0.0,0.0,-100.0,0.0,0.0
19,2.0144026279449463,0.0,-45.0,5.0,0.0,0.0,-45.0,0.0,0.0,64.0,-95.0,303.0,0.0,0.0,-100.0,0.0,0.0
20,2.1108365058898926,-1.0,-45.0,5.0,0.0,0.0,-45.0,0.0,0.0,64.0,-95.0,303.0,0.0,0.0,-100.0,0.0,0.0
21,2.205709457397461,-1.0,-45.0,5.0,0.0,0.0,-45.0,0.0,0.0,64.0,-95.0,303.0,0.0,0.0,-100.0,0.0,0.0
22,2.3020191192626953,-1.0,-45.0,5.0,0.0,0.0,-45.0,0.0,0.0,64.0,-95.0,303.0,0.0,0.0,-100.0,0.0,0.0
23,2.404975175857544,-1.0,-45.0,5.0,0.0,0.0,-45.0,0.0,0.0,64.0,-95.0,303.0,0.0,0.0,-100.0,0.0,0.0
24,2.49943208694458,-1.0,-45.0,5.0,0.0,0.0,-45.0,0.0,0.0,64.0,-95.0,303.0,0.0,0.0,-100.0,0.0,0.0
25,2.5874223709106445,-1.0,-45.0,5.0,0.0,0.0,-45.0,0.0,0.0,64.0,-95.0,303.0,0.0,0.0,-100.0,0.0,0.0
26,2.6813158988952637,-1.0,-45.0,5.0,0.0,0.0,-45.0,0.0,0.0,64.0,-95.0,303.0,0.0,0.0,-100.0,0.0,0.0
27,2.7874841690063477,-1.0,-45.0,5.0,0.0,0.0,-45.0,0.0,0.0,64.0,-95.0,303.0,0.0,0.0,-100.0,0.0,0.0
28,2.8742291927337646,-1.0,-45.0,5.0,0.0,0.0,-45.0,0.0,0.0,64.0,-95.0,303.0,0.0,0.0,-100.0,0.0,0.0
29,2.9692044258117676,-1.0,-45.0,6.0,0.0,0.0,-45.0,0.0,0.0,64.0,-95.0,303.0,0.0,0.0,-100.0,0.0,0.0
30,3.0739574432373047,-1.0,-45.0,5.0,0.0,0.0,-45.0,0.0,0.0,64.0,-95.0,303.0,0.0,0.0,-100.0,0.0,0.0
31,3.168992757797241,-1.0,-45.0,5.0,0.0,0.0,-45.0,0.0,0.0,64.0,-95.0,303.0,0.0,0.0,-100.0,0.0,0.0
32,3.264906167984009,-1.0,-45.0,5.0,0.0,0.0,-45.0,0.0,0.0,64.0,-95.0,303.0,0.0,0.0,-100.0,0.0,0.0
33,3.359757900238037,-1.0,-45.0,5.0,0.0,0.0,-45.0,0.0,0.0,64.0,-95.0,303.0,0.0,0.0,-100.0,0.0,0.0
34,3.4548025131225586,-1.0,-45.0,5.0,0.0,0.0,-45.0,0.0,0.0,64.0,-95.0,303.0,0.0,0.0,-100.0,0.0,0.0
35,3.552480697631836,-1.0,-45.0,5.0,0.0,0.0,-45.0,0.0,0.0,64.0,-95.0,303.0,0.0,0.0,-100.0,0.0,0.0
36,3.6431992053985596,-1.0,-45.0,5.0,0.0,0.0,-45.0,0.0,0.0,64.0,-95.0,303.0,0.0,0.0,-100.0,0.0,0.0
37,3.74348521232605,-1.0,-45.0,5.0,0.0,0.0,-45.0,0.0,0.0,64.0,-95.0,303.0,0.0,0.0,-100.0,0.0,0.0
38,3.843700885772705,-1.0,-45.0,5.0,0.0,0.0,-45.0,0.0,0.0,64.0,-95.0,303.0,0.0,0.0,-100.0,0.0,0.0
39,3.9340837001800537,0.0,-45.0,5.0,0.0,0.0,-45.0,0.0,0.0,64.0,-95.0,303.0,0.0,0.0,-100.0,0.0,0.0
40,4.028810739517212,-1.0,-45.0,5.0,0.0,0.0,-45.0,0.0,0.0,64.0,-95.0,303.0,0.0,0.0,-100.0,0.0,0.0
41,4.130239248275757,-1.0,-45.0,5.0,0.0,0.0,-45.0,0.0,0.0,64.0,-95.0,303.0,0.0,0.0,-100.0,0.0,0.0
42,4.223486423492432,-1.0,-45.0,5.0,0.0,0.0,-45.0,0.0,0.0,64.0,-95.0,303.0,0.0,0.0,-100.0,0.0,0.0
43,4.321057558059692,-1.0,-45.0,5.0,0.0,0.0,-45.0,0.0,0.0,64.0,-95.0,303.0,0.0,0.0,-100.0,0.0,0.0
44,4.416447877883911,-1.0,-45.0,5.0,0.0,0.0,-45.0,0.0,0.0,64.0,-95.0,303.0,0.0,0.0,-100.0,0.0,0.0
45,4.511343002319336,-1.0,-45.0,5.0,0.0,0.0,-45.0,0.0,0.0,64.0,-95.0,303.0,0.0,0.0,-100.0,0.0,0.0
46,4.60565710067749,-1.0,-45.0,5.0,0.0,0.0,-45.0,0.0,0.0,64.0,-95.0,303.0,0.0,0.0,-100.0,0.0,0.0
47,4.6955389976501465,-1.0,-45.0,5.0,0.0,0.0,-45.0,0.0,0.0,64.0,-95.0,303.0,0.0,0.0,-100.0,0.0,0.0
48,4.80252480506897,-1.0,-45.0,5.0,0.0,0.0,-45.0,0.0,0.0,64.0,-95.0,303.0,0.0,0.0,-100.0,0.0,0.0
49,4.89888072013855,-1.0,-45.0,5.0,0.0,0.0,-45.0,0.0,0.0,64.0,-95.0,303.0,0.0,0.0,-100.0,0.0,0.0
50,4.993753671646118,-1.0,-45.0,5.0,0.0,0.0,-45.0,0.0,0.0,64.0,-95.0,303.0,0.0,0.0,-100.0,0.0,0.0
51,5.088735818862915,0.0,-45.0,5.0,0.0,0.0,-45.0,0.0,0.0,64.0,-95.0,303.0,0.0,0.0,-100.0,0.0,0.0
52,5.186394453048706,-1.0,-45.0,5.0,0.0,0.0,-45.0,0.0,0.0,64.0,-95.0,303.0,0.0,0.0,-100.0,0.0,0.0
53,5.285303592681885,-1.0,-45.0,5.0,0.0,0.0,-45.0,0.0,0.0,64.0,-95.0,303.0,0.0,0.0,-100.0,0.0,0.0
54,5.371936798095703,-1.0,-45.0,5.0,0.0,0.0,-45.0,0.0,0.0,64.0,-95.0,303.0,0.0,0.0,-100.0,0.0,0.0
55,5.4666993618011475,-1.0,-45.0,5.0,0.0,0.0,-45.0,0.0,0.0,64.0,-95.0,303.0,0.0,0.0,-100.0,0.0,0.0
56,5.563168287277222,-1.0,-45.0,5.0,0.0,0.0,-45.0,0.0,0.0,64.0,-95.0,303.0,0.0,0.0,-100.0,0.0,0.0
57,5.657966375350952,-1.0,-45.0,5.0,0.0,0.0,-45.0,0.0,0.0,64.0,-95.0,303.0,0.0,0.0,-100.0,0.0,0.0
58,5.759352207183838,-1.0,-45.0,5.0,0.0,0.0,-45.0,0.0,0.0,64.0,-95.0,303.0,0.0,0.0,-100.0,0.0,0.0
59,6.868620872497559,-1.0,-45.0,5.0,0.0,0.0,-45.0,0.0,0.0,64.0,-95.0,342.0,0.0,0.0,-100.0,0.0,0.0
60,6.955404043197632,-1.0,-45.0,5.0,0.0,0.0,-45.0,0.0,0.0,79.0,-94.0,565.0,50.0,0.0,-100.0,0.0,0.0
61,7.052123546600342,-1.0,-45.0,5.0,0.0,0.0,-45.0,0.0,0.0,251.0,-78.0,546.0,151.0,0.0,-100.0,0.0,0.0
62,7.1492390632629395,-1.0,-45.0,6.0,0.0,0.0,-45.0,0.0,0.0,522.0,-55.0,429.0,192.0,0.0,-100.0,0.0,0.0
63,7.251213312149048,-1.0,-45.0,6.0,0.0,0.0,-45.0,0.0,0.0,843.0,-26.0,323.0,225.0,0.0,-100.0,0.0,0.0
64,7.3412768840789795,-1.0,-45.0,5.0,0.0,0.0,-45.0,0.0,0.0,1169.0,2.0,102.0,143.0,0.0,-100.0,0.0,0.0
65,7.435540437698364,-1.0,-45.0,6.0,0.0,0.0,-45.0,0.0,0.0,1221.0,7.0,143.0,1.0,0.0,-100.0,0.0,0.0
66,7.530065536499023,-1.0,-45.0,6.0,0.0,0.0,-45.0,0.0,0.0,1221.0,7.0,174.0,0.0,0.0,-100.0,0.0,0.0
67,7.635769605636597,-1.0,-45.0,5.0,0.0,0.0,-45.0,0.0,0.0,1221.0,7.0,182.0,0.0,0.0,-100.0,0.0,0.0
68,7.721349716186523,-1.0,-45.0,5.0,0.0,0.0,-45.0,0.0,0.0,1221.0,7.0,183.0,0.0,0.0,-100.0,0.0,0.0
69,7.8238136768341064,-1.0,-45.0,5.0,0.0,0.0,-45.0,0.0,0.0,1222.0,7.0,182.0,0.0,0.0,-100.0,0.0,0.0
70,7.92188572883606,-1.0,-45.0,5.0,0.0,0.0,-45.0,0.0,0.0,1222.0,7.0,181.0,0.0,0.0,-100.0,0.0,0.0
71,8.016448020935059,-1.0,-45.0,5.0,0.0,0.0,-45.0,0.0,0.0,1222.0,7.0,181.0,0.0,0.0,-100.0,0.0,0.0
72,8.11296534538269,-1.0,-45.0,5.0,0.0,0.0,-45.0,0.0,0.0,1222.0,7.0,180.0,0.0,0.0,-100.0,0.0,0.0
73,8.20708966255188,-1.0,-45.0,5.0,0.0,0.0,-45.0,0.0,0.0,1222.0,7.0,180.0,0.0,0.0,-100.0,0.0,0.0
74,8.30713701248169,-1.0,-45.0,5.0,0.0,0.0,-45.0,0.0,0.0,1222.0,7.0,180.0,0.0,0.0,-100.0,0.0,0.0
75,8.399414539337158,-1.0,-45.0,5.0,0.0,0.0,-45.0,0.0,0.0,1222.0,7.0,180.0,0.0,0.0,-100.0,0.0,0.0
76,8.48832106590271,-1.0,-45.0,5.0,0.0,0.0,-45.0,0.0,0.0,1222.0,7.0,180.0,0.0,0.0,-100.0,0.0,0.0
77,8.582265615463257,-1.0,-45.0,5.0,0.0,0.0,-45.0,0.0,0.0,1222.0,7.0,180.0,0.0,0.0,-100.0,0.0,0.0
78,8.69208574295044,-1.0,-45.0,5.0,0.0,0.0,-45.0,0.0,0.0,1222.0,7.0,180.0,0.0,0.0,-100.0,0.0,0.0
79,8.784290790557861,-1.0,-45.0,5.0,0.0,0.0,-45.0,0.0,0.0,1222.0,7.0,180.0,0.0,0.0,-100.0,0.0,0.0
80,8.967094421386719,-1.0,-45.0,5.0,0.0,0.0,-45.0,0.0,0.0,1222.0,7.0,180.0,0.0,0.0,-100.0,0.0,0.0
81,9.061931848526001,-1.0,-45.0,6.0,0.0,0.0,-45.0,0.0,0.0,1222.0,7.0,180.0,0.0,0.0,-100.0,0.0,0.0
82,9.17309045791626,-1.0,-45.0,5.0,0.0,0.0,-45.0,0.0,0.0,1222.0,7.0,180.0,0.0,0.0,-100.0,0.0,0.0
83,9.266810894012451,0.0,-45.0,5.0,0.0,0.0,-45.0,0.0,0.0,1222.0,7.0,180.0,0.0,0.0,-100.0,0.0,0.0
84,9.353735208511353,0.0,-45.0,5.0,0.0,0.0,-45.0,0.0,0.0,1222.0,7.0,180.0,0.0,0.0,-100.0,0.0,0.0
85,9.457506656646729,-1.0,-45.0,5.0,0.0,0.0,-45.0,0.0,0.0,1222.0,7.0,180.0,0.0,0.0,-100.0,0.0,0.0
86,9.552552700042725,-1.0,-45.0,5.0,0.0,0.0,-45.0,0.0,0.0,1222.0,7.0,180.0,0.0,0.0,-100.0,0.0,0.0
87,9.651743173599243,-1.0,-45.0,5.0,0.0,0.0,-45.0,0.0,0.0,1222.0,7.0,180.0,0.0,0.0,-100.0,0.0,0.0
88,9.746108293533325,-1.0,-45.0,5.0,0.0,0.0,-45.0,0.0,0.0,1222.0,7.0,180.0,0.0,0.0,-100.0,0.0,0.0
89,9.831522464752197,-1.0,-45.0,6.0,0.0,0.0,-45.0,0.0,0.0,1222.0,7.0,180.0,0.0,0.0,-100.0,0.0,0.0
90,9.927033185958862,-1.0,-45.0,5.0,0.0,0.0,-45.0,0.0,0.0,1222.0,7.0,180.0,0.0,0.0,-100.0,0.0,0.0
91,10.033461809158325,-1.0,-45.0,6.0,0.0,0.0,-45.0,0.0,0.0,1222.0,7.0,180.0,0.0,0.0,-100.0,0.0,0.0
92,10.127593517303467,-1.0,-45.0,6.0,0.0,0.0,-45.0,0.0,0.0,1222.0,7.0,180.0,0.0,0.0,-100.0,0.0,0.0
93,10.223408937454224,-1.0,-45.0,6.0,0.0,0.0,-45.0,0.0,0.0,1222.0,7.0,180.0,0.0,0.0,-100.0,0.0,0.0
94,10.322162628173828,-1.0,-45.0,6.0,0.0,0.0,-45.0,0.0,0.0,1222.0,7.0,180.0,0.0,0.0,-100.0,0.0,0.0
95,10.417224168777466,-1.0,-45.0,6.0,0.0,0.0,-45.0,0.0,0.0,1222.0,7.0,180.0,0.0,0.0,-100.0,0.0,0.0
96,10.515984058380127,-1.0,-45.0,5.0,0.0,0.0,-45.0,0.0,0.0,1222.0,7.0,180.0,0.0,0.0,-100.0,0.0,0.0
97,10.610897779464722,-1.0,-45.0,5.0,0.0,0.0,-45.0,0.0,0.0,1222.0,7.0,180.0,0.0,0.0,-100.0,0.0,0.0
98,10.705715417861938,-1.0,-45.0,5.0,0.0,0.0,-45.0,0.0,0.0,1222.0,7.0,180.0,0.0,0.0,-100.0,0.0,0.0
99,10.790496349334717,-1.0,-45.0,5.0,0.0,0.0,-45.0,0.0,0.0,1222.0,7.0,180.0,0.0,0.0,-100.0,0.0,0.0
100,10.989432334899902,-1.0,-45.0,6.0,0.0,0.0,-45.0,0.0,0.0,1222.0,7.0,180.0,0.0,0.0,-100.0,0.0,0.0
101,11.079514741897583,-1.0,-45.0,6.0,0.0,0.0,-45.0,0.0,0.0,1222.0,7.0,180.0,0.0,0.0,-100.0,0.0,0.0
102,11.174188137054443,-1.0,-45.0,6.0,0.0,0.0,-45.0,0.0,0.0,1222.0,7.0,180.0,0.0,0.0,-100.0,0.0,0.0
103,11.282642364501953,-1.0,-45.0,5.0,0.0,0.0,-45.0,0.0,0.0,1222.0,7.0,180.0,0.0,0.0,-100.0,0.0,0.0
104,11.36980652809143,-1.0,-45.0,5.0,0.0,0.0,-45.0,0.0,0.0,1222.0,7.0,180.0,0.0,0.0,-100.0,0.0,0.0
105,11.46429967880249,-1.0,-45.0,5.0,0.0,0.0,-45.0,0.0,0.0,1222.0,7.0,180.0,0.0,0.0,-100.0,0.0,0.0
106,11.569211721420288,-1.0,-45.0,5.0,0.0,0.0,-45.0,0.0,0.0,1222.0,7.0,180.0,0.0,0.0,-100.0,0.0,0.0
107,11.66562533378601,-1.0,-45.0,6.0,0.0,0.0,-45.0,0.0,0.0,1222.0,7.0,180.0,0.0,0.0,-100.0,0.0,0.0
108,11.764622688293457,-1.0,-45.0,6.0,0.0,0.0,-45.0,0.0,0.0,1222.0,7.0,180.0,0.0,0.0,-100.0,0.0,0.0
109,11.854933977127075,-1.0,-45.0,6.0,0.0,0.0,-45.0,0.0,0.0,1222.0,7.0,180.0,0.0,0.0,-100.0,0.0,0.0
110,12.048492193222046,-1.0,-45.0,6.0,0.0,0.0,-45.0,0.0,0.0,1222.0,7.0,180.0,0.0,0.0,-100.0,0.0,0.0
111,12.137545347213745,-1.0,-45.0,6.0,0.0,0.0,-45.0,0.0,0.0,1222.0,7.0,180.0,0.0,0.0,-100.0,0.0,0.0
112,12.235096454620361,-1.0,-45.0,5.0,0.0,0.0,-45.0,0.0,0.0,1222.0,7.0,180.0,0.0,0.0,-100.0,0.0,0.0
113,12.336726427078247,-1.0,-45.0,6.0,0.0,0.0,-45.0,0.0,0.0,1222.0,7.0,180.0,0.0,0.0,-100.0,0.0,0.0
114,12.431754112243652,-1.0,-45.0,6.0,0.0,0.0,-45.0,0.0,0.0,1222.0,7.0,180.0,0.0,0.0,-100.0,0.0,0.0
115,12.52774715423584,0.0,-45.0,6.0,0.0,0.0,-45.0,0.0,0.0,1222.0,7.0,180.0,0.0,0.0,-100.0,0.0,0.0
116,13.636376857757568,-1.0,-45.0,5.0,0.0,0.0,-45.0,0.0,0.0,1222.0,7.0,146.0,0.0,0.0,-100.0,0.0,0.0
117,13.720431804656982,-1.0,-45.0,6.0,0.0,0.0,-45.0,0.0,0.0,1220.0,7.0,-243.0,-18.0,0.0,-100.0,0.0,0.0
118,13.827795028686523,-1.0,-45.0,6.0,0.0,0.0,-45.0,0.0,0.0,1079.0,-6.0,-400.0,-174.0,0.0,-100.0,0.0,0.0
119,13.923442840576172,-1.0,-45.0,6.0,0.0,0.0,-45.0,0.0,0.0,730.0,-36.0,-250.0,-251.0,0.0,-100.0,0.0,0.0
120,14.018312215805054,-1.0,-45.0,5.0,0.0,0.0,-45.0,0.0,0.0,358.0,-69.0,-74.0,-192.0,0.0,-100.0,0.0,0.0
121,14.11363935470581,-1.0,-45.0,5.0,0.0,0.0,-45.0,0.0,0.0,168.0,-86.0,-21.0,-73.0,0.0,-100.0,0.0,0.0
122,14.209820747375488,-1.0,-45.0,5.0,0.0,0.0,-45.0,0.0,0.0,134.0,-89.0,-88.0,-1.0,0.0,-100.0,0.0,0.0
123,14.297942876815796,-1.0,-45.0,5.0,0.0,0.0,-45.0,0.0,0.0,134.0,-89.0,-122.0,0.0,0.0,-100.0,0.0,0.0
124,14.392269134521484,-1.0,-45.0,5.0,0.0,0.0,-45.0,0.0,0.0,134.0,-89.0,-131.0,0.0,0.0,-100.0,0.0,0.0
125,14.487865209579468,-1.0,-45.0,5.0,0.0,0.0,-45.0,0.0,0.0,134.0,-89.0,-134.0,0.0,0.0,-100.0,0.0,0.0
126,14.583185911178589,-1.0,-45.0,5.0,0.0,0.0,-45.0,0.0,0.0,134.0,-89.0,-133.0,0.0,0.0,-100.0,0.0,0.0
127,14.678646564483643,-1.0,-45.0,5.0,0.0,0.0,-45.0,0.0,0.0,134.0,-89.0,-133.0,0.0,0.0,-100.0,0.0,0.0
128,14.788545370101929,-1.0,-45.0,5.0,0.0,0.0,-45.0,0.0,0.0,133.0,-89.0,-132.0,0.0,0.0,-100.0,0.0,0.0
129,14.878223896026611,-1.0,-45.0,6.0,0.0,0.0,-45.0,0.0,0.0,134.0,-89.0,-131.0,0.0,0.0,-100.0,0.0,0.0
130,14.971999168395996,-1.0,-45.0,6.0,0.0,0.0,-45.0,0.0,0.0,134.0,-89.0,-131.0,0.0,0.0,-100.0,0.0,0.0
131,15.067999839782715,-1.0,-45.0,6.0,0.0,0.0,-45.0,0.0,0.0,134.0,-89.0,-131.0,0.0,0.0,-100.0,0.0,0.0
132,15.16328501701355,-1.0,-45.0,6.0,0.0,0.0,-45.0,0.0,0.0,133.0,-89.0,-130.0,0.0,0.0,-100.0,0.0,0.0
133,15.266209840774536,-1.0,-45.0,6.0,0.0,0.0,-45.0,0.0,0.0,133.0,-89.0,-130.0,0.0,0.0,-100.0,0.0,0.0
134,15.362905502319336,-1.0,-45.0,6.0,0.0,0.0,-45.0,0.0,0.0,133.0,-89.0,-130.0,0.0,0.0,-100.0,0.0,0.0
135,15.45744252204895,-1.0,-45.0,5.0,0.0,0.0,-45.0,0.0,0.0,134.0,-89.0,-129.0,0.0,0.0,-100.0,0.0,0.0
136,15.5531644821167,-1.0,-45.0,6.0,0.0,0.0,-45.0,0.0,0.0,133.0,-89.0,-129.0,0.0,0.0,-100.0,0.0,0.0
137,15.648633480072021,-1.0,-45.0,6.0,0.0,0.0,-45.0,0.0,0.0,133.0,-89.0,-129.0,0.0,0.0,-100.0,0.0,0.0
138,15.744500637054443,-1.0,-45.0,6.0,0.0,0.0,-45.0,0.0,0.0,134.0,-89.0,-129.0,0.0,0.0,-100.0,0.0,0.0
139,15.834587574005127,-1.0,-45.0,5.0,0.0,0.0,-45.0,0.0,0.0,133.0,-89.0,-129.0,0.0,0.0,-100.0,0.0,0.0
140,15.930706977844238,-1.0,-45.0,5.0,0.0,0.0,-45.0,0.0,0.0,133.0,-89.0,-129.0,0.0,0.0,-100.0,0.0,0.0
141,16.025657415390015,-1.0,-45.0,5.0,0.0,0.0,-45.0,0.0,0.0,133.0,-89.0,-129.0,0.0,0.0,-100.0,0.0,0.0
142,16.121270656585693,-1.0,-45.0,6.0,0.0,0.0,-45.0,0.0,0.0,133.0,-89.0,-129.0,0.0,0.0,-100.0,0.0,0.0
143,16.21744465827942,-1.0,-45.0,6.0,0.0,0.0,-45.0,0.0,0.0,133.0,-89.0,-129.0,0.0,0.0,-100.0,0.0,0.0
144,16.31865906715393,-1.0,-45.0,6.0,0.0,0.0,-45.0,0.0,0.0,133.0,-89.0,-129.0,0.0,0.0,-100.0,0.0,0.0
145,16.41480803489685,0.0,-45.0,6.0,0.0,0.0,-45.0,0.0,0.0,133.0,-89.0,-128.0,0.0,0.0,-100.0,0.0,0.0
146,16.510226488113403,-1.0,-45.0,6.0,0.0,0.0,-45.0,0.0,0.0,133.0,-89.0,-128.0,0.0,0.0,-100.0,0.0,0.0
147,16.604416131973267,-1.0,-45.0,6.0,0.0,0.0,-45.0,0.0,0.0,133.0,-89.0,-128.0,0.0,0.0,-100.0,0.0,0.0
148,16.699344873428345,-1.0,-45.0,6.0,0.0,0.0,-45.0,0.0,0.0,133.0,-89.0,-128.0,0.0,0.0,-100.0,0.0,0.0
149,16.793649196624756,-1.0,-45.0,5.0,0.0,0.0,-45.0,0.0,0.0,133.0,-89.0,-128.0,0.0,0.0,-100.0,0.0,0.0
150,16.891286373138428,-1.0,-45.0,6.0,0.0,0.0,-45.0,0.0,0.0,133.0,-89.0,-128.0,0.0,0.0,-100.0,0.0,0.0
151,16.98581337928772,-1.0,-45.0,6.0,0.0,0.0,-45.0,0.0,0.0,133.0,-89.0,-128.0,0.0,0.0,-100.0,0.0,0.0
152,17.07937479019165,-1.0,-45.0,5.0,0.0,0.0,-45.0,0.0,0.0,133.0,-89.0,-128.0,0.0,0.0,-100.0,0.0,0.0
153,17.17583680152893,-1.0,-45.0,6.0,0.0,0.0,-45.0,0.0,0.0,133.0,-89.0,-128.0,0.0,0.0,-100.0,0.0,0.0
154,17.279372215270996,-1.0,-45.0,6.0,0.0,0.0,-45.0,0.0,0.0,133.0,-89.0,-128.0,0.0,0.0,-100.0,0.0,0.0
155,17.377291917800903,-1.0,-45.0,6.0,0.0,0.0,-45.0,0.0,0.0,133.0,-89.0,-128.0,0.0,0.0,-100.0,0.0,0.0
156,17.464075803756714,-1.0,-45.0,6.0,0.0,0.0,-45.0,0.0,0.0,133.0,-89.0,-128.0,0.0,0.0,-100.0,0.0,0.0
157,17.56432032585144,-1.0,-45.0,5.0,0.0,0.0,-45.0,0.0,0.0,133.0,-89.0,-128.0,0.0,0.0,-100.0,0.0,0.0
158,17.664643049240112,-1.0,-45.0,6.0,0.0,0.0,-45.0,0.0,0.0,133.0,-89.0,-128.0,0.0,0.0,-100.0,0.0,0.0
159,17.760196685791016,-1.0,-45.0,6.0,0.0,0.0,-45.0,0.0,0.0,133.0,-89.0,-128.0,0.0,0.0,-100.0,0.0,0.0
160,17.846806287765503,-1.0,-45.0,5.0,0.0,0.0,-45.0,0.0,0.0,133.0,-89.0,-128.0,0.0,0.0,-100.0,0.0,0.0
161,17.952816486358643,-1.0,-45.0,5.0,0.0,0.0,-45.0,0.0,0.0,133.0,-89.0,-128.0,0.0,0.0,-100.0,0.0,0.0
162,18.04831099510193,-1.0,-45.0,6.0,0.0,0.0,-45.0,0.0,0.0,133.0,-89.0,-128.0,0.0,0.0,-100.0,0.0,0.0
163,18.14326000213623,-1.0,-45.0,6.0,0.0,0.0,-45.0,0.0,0.0,133.0,-89.0,-128.0,0.0,0.0,-100.0,0.0,0.0
164,18.243480920791626,-1.0,-45.0,6.0,0.0,0.0,-45.0,0.0,0.0,133.0,-89.0,-128.0,0.0,0.0,-100.0,0.0,0.0
165,18.329072952270508,-1.0,-45.0,6.0,0.0,0.0,-45.0,0.0,0.0,133.0,-89.0,-128.0,0.0,0.0,-100.0,0.0,0.0
166,18.431575775146484,-1.0,-45.0,6.0,0.0,0.0,-45.0,0.0,0.0,133.0,-89.0,-128.0,0.0,0.0,-100.0,0.0,0.0
167,18.529001712799072,-1.0,-45.0,6.0,0.0,0.0,-45.0,0.0,0.0,133.0,-89.0,-128.0,0.0,0.0,-100.0,0.0,0.0
168,18.624279022216797,-1.0,-45.0,6.0,0.0,0.0,-45.0,0.0,0.0,133.0,-89.0,-128.0,0.0,0.0,-100.0,0.0,0.0
169,18.718069076538086,-1.0,-45.0,6.0,0.0,0.0,-45.0,0.0,0.0,133.0,-89.0,-128.0,0.0,0.0,-100.0,0.0,0.0
170,18.8153395652771,-1.0,-45.0,6.0,0.0,0.0,-45.0,0.0,0.0,133.0,-89.0,-128.0,0.0,0.0,-100.0,0.0,0.0
171,18.909773588180542,-1.0,-45.0,6.0,0.0,0.0,-45.0,0.0,0.0,133.0,-89.0,-128.0,0.0,0.0,-100.0,0.0,0.0
172,19.006993532180786,0.0,-45.0,6.0,0.0,0.0,-45.0,0.0,0.0,133.0,-89.0,-128.0,0.0,0.0,-100.0,0.0,0.0
173,19.096723556518555,-1.0,-45.0,6.0,0.0,0.0,-45.0,0.0,0.0,133.0,-89.0,-128.0,0.0,0.0,-100.0,0.0,0.0
174,19.18984627723694,-1.0,-45.0,6.0,0.0,0.0,-45.0,0.0,0.0,133.0,-89.0,-128.0,0.0,0.0,-100.0,0.0,0.0
175,19.29364037513733,-1.0,-45.0,6.0,0.0,0.0,-45.0,0.0,0.0,133.0,-89.0,-128.0,0.0,0.0,-100.0,0.0,0.0
176,20.404387950897217,-1.0,-45.0,6.0,0.0,0.0,-45.0,0.0,0.0,133.0,-89.0,-89.0,0.0,0.0,-100.0,0.0,0.0
177,20.49121642112732,-1.0,-45.0,6.0,0.0,0.0,-45.0,0.0,0.0,139.0,-88.0,292.0,25.0,0.0,-100.0,0.0,0.0
178,20.59514570236206,-1.0,-45.0,6.0,0.0,0.0,-45.0,0.0,0.0,255.0,-78.0,508.0,143.0,0.0,-100.0,0.0,0.0
179,20.691819190979004,-1.0,-45.0,6.0,0.0,0.0,-45.0,0.0,0.0,538.0,-53.0,392.0,205.0,0.0,-100.0,0.0,0.0
180,20.785927295684814,-1.0,-45.0,6.0,0.0,0.0,-45.0,0.0,0.0,877.0,-23.0,252.0,239.0,0.0,-100.0,0.0,0.0
181,20.873639583587646,-1.0,-45.0,6.0,0.0,0.0,-45.0,0.0,0.0,1193.0,4.0,74.0,106.0,0.0,-100.0,0.0,0.0
182,20.971255779266357,-1.0,-45.0,6.0,0.0,0.0,-45.0,0.0,0.0,1224.0,7.0,127.0,0.0,0.0,-100.0,0.0,0.0
183,21.26820158958435,-1.0,-45.0,6.0,0.0,0.0,-45.0,0.0,0.0,1225.0,7.0,161.0,0.0,0.0,-100.0,0.0,0.0
184,21.355491876602173,-1.0,-45.0,6.0,0.0,0.0,-45.0,0.0,0.0,1225.0,7.0,162.0,0.0,0.0,-100.0,0.0,0.0
185,21.458308458328247,-1.0,-45.0,6.0,0.0,0.0,-45.0,0.0,0.0,1225.0,7.0,162.0,0.0,0.0,-100.0,0.0,0.0
186,21.545446634292603,-1.0,-45.0,6.0,0.0,0.0,-45.0,0.0,0.0,1225.0,7.0,162.0,0.0,0.0,-100.0,0.0,0.0
187,21.650219202041626,-1.0,-45.0,6.0,0.0,0.0,-45.0,0.0,0.0,1225.0,7.0,162.0,0.0,0.0,-100.0,0.0,0.0
188,21.746988773345947,-1.0,-45.0,6.0,0.0,0.0,-45.0,0.0,0.0,1225.0,7.0,162.0,0.0,0.0,-100.0,0.0,0.0
189,21.830497980117798,-1.0,-45.0,6.0,0.0,0.0,-45.0,0.0,0.0,1225.0,7.0,162.0,0.0,0.0,-100.0,0.0,0.0
190,21.9393789768219,-1.0,-45.0,6.0,0.0,0.0,-45.0,0.0,0.0,1225.0,7.0,162.0,0.0,0.0,-100.0,0.0,0.0
191,22.03395938873291,-1.0,-45.0,6.0,0.0,0.0,-45.0,0.0,0.0,1225.0,7.0,162.0,0.0,0.0,-100.0,0.0,0.0
192,22.131750106811523,-1.0,-45.0,6.0,0.0,0.0,-45.0,0.0,0.0,1225.0,7.0,162.0,0.0,0.0,-100.0,0.0,0.0
193,22.227922201156616,-1.0,-45.0,6.0,0.0,0.0,-45.0,0.0,0.0,1225.0,7.0,162.0,0.0,0.0,-100.0,0.0,0.0
194,22.322627782821655,-1.0,-45.0,6.0,0.0,0.0,-45.0,0.0,0.0,1225.0,7.0,162.0,0.0,0.0,-100.0,0.0,0.0
195,22.41007661819458,-1.0,-45.0,6.0,0.0,0.0,-45.0,0.0,0.0,1225.0,7.0,162.0,0.0,0.0,-100.0,0.0,0.0
196,22.50672721862793,-1.0,-45.0,6.0,0.0,0.0,-45.0,0.0,0.0,1225.0,7.0,162.0,0.0,0.0,-100.0,0.0,0.0
197,22.599556922912598,-1.0,-45.0,6.0,0.0,0.0,-45.0,0.0,0.0,1225.0,7.0,162.0,0.0,0.0,-100.0,0.0,0.0
198,22.707304000854492,-1.0,-45.0,6.0,0.0,0.0,-45.0,0.0,0.0,1225.0,7.0,162.0,0.0,0.0,-100.0,0.0,0.0
199,22.797781705856323,-1.0,-45.0,5.0,0.0,0.0,-45.0,0.0,0.0,1225.0,7.0,162.0,0.0,0.0,-100.0,0.0,0.0
200,22.89254140853882,-1.0,-45.0,6.0,0.0,0.0,-45.0,0.0,0.0,1225.0,7.0,162.0,0.0,0.0,-100.0,0.0,0.0
201,22.98866319656372,-1.0,-45.0,5.0,0.0,0.0,-45.0,0.0,0.0,1225.0,7.0,162.0,0.0,0.0,-100.0,0.0,0.0
202,23.082782983779907,-1.0,-45.0,6.0,0.0,0.0,-45.0,0.0,0.0,1225.0,7.0,162.0,0.0,0.0,-100.0,0.0,0.0
203,23.17819309234619,-1.0,-45.0,6.0,0.0,0.0,-45.0,0.0,0.0,1225.0,7.0,162.0,0.0,0.0,-100.0,0.0,0.0
204,23.27860736846924,-1.0,-45.0,6.0,0.0,0.0,-45.0,0.0,0.0,1225.0,7.0,162.0,0.0,0.0,-100.0,0.0,0.0
205,23.375574350357056,-1.0,-45.0,6.0,0.0,0.0,-45.0,0.0,0.0,1225.0,7.0,162.0,0.0,0.0,-100.0,0.0,0.0
206,23.474666595458984,-1.0,-45.0,6.0,0.0,0.0,-45.0,0.0,0.0,1225.0,7.0,162.0,0.0,0.0,-100.0,0.0,0.0
207,23.564451456069946,-1.0,-45.0,6.0,0.0,0.0,-45.0,0.0,0.0,1225.0,7.0,162.0,0.0,0.0,-100.0,0.0,0.0
208,23.658931732177734,-1.0,-45.0,6.0,0.0,0.0,-45.0,0.0,0.0,1225.0,7.0,162.0,0.0,0.0,-100.0,0.0,0.0
209,23.762646675109863,-1.0,-45.0,6.0,0.0,0.0,-45.0,0.0,0.0,1225.0,7.0,162.0,0.0,0.0,-100.0,0.0,0.0
210,23.857843160629272,-1.0,-45.0,6.0,0.0,0.0,-45.0,0.0,0.0,1225.0,7.0,162.0,0.0,0.0,-100.0,0.0,0.0
211,23.954061269760132,-1.0,-45.0,6.0,0.0,0.0,-45.0,0.0,0.0,1225.0,7.0,162.0,0.0,0.0,-100.0,0.0,0.0
212,24.047666788101196,-1.0,-45.0,6.0,0.0,0.0,-45.0,0.0,0.0,1225.0,7.0,162.0,0.0,0.0,-100.0,0.0,0.0
213,24.143598794937134,-1.0,-45.0,6.0,0.0,0.0,-45.0,0.0,0.0,1225.0,7.0,162.0,0.0,0.0,-100.0,0.0,0.0
214,24.24178123474121,-1.0,-45.0,6.0,0.0,0.0,-45.0,0.0,0.0,1225.0,7.0,162.0,0.0,0.0,-100.0,0.0,0.0
215,24.32607388496399,-1.0,-45.0,6.0,0.0,0.0,-45.0,0.0,0.0,1225.0,7.0,162.0,0.0,0.0,-100.0,0.0,0.0
216,24.528674840927124,-1.0,-45.0,6.0,0.0,0.0,-45.0,0.0,0.0,1225.0,7.0,162.0,0.0,0.0,-100.0,0.0,0.0
217,24.62375831604004,-1.0,-45.0,6.0,0.0,0.0,-45.0,0.0,0.0,1225.0,7.0,162.0,0.0,0.0,-100.0,0.0,0.0
218,24.718618392944336,-1.0,-45.0,6.0,0.0,0.0,-45.0,0.0,0.0,1225.0,7.0,162.0,0.0,0.0,-100.0,0.0,0.0
219,24.815354108810425,-1.0,-45.0,6.0,0.0,0.0,-45.0,0.0,0.0,1225.0,7.0,162.0,0.0,0.0,-100.0,0.0,0.0
220,24.905567169189453,-1.0,-45.0,6.0,0.0,0.0,-45.0,0.0,0.0,1225.0,7.0,162.0,0.0,0.0,-100.0,0.0,0.0
221,24.998312950134277,-1.0,-45.0,6.0,0.0,0.0,-45.0,0.0,0.0,1225.0,7.0,162.0,0.0,0.0,-100.0,0.0,0.0
222,25.09335470199585,-1.0,-45.0,6.0,0.0,0.0,-45.0,0.0,0.0,1225.0,7.0,162.0,0.0,0.0,-100.0,0.0,0.0
223,25.294523239135742,-1.0,-45.0,6.0,0.0,0.0,-45.0,0.0,0.0,1225.0,7.0,162.0,0.0,0.0,-100.0,0.0,0.0
224,25.384085655212402,-1.0,-45.0,6.0,0.0,0.0,-45.0,0.0,0.0,1225.0,7.0,162.0,0.0,0.0,-100.0,0.0,0.0
225,25.481266975402832,-1.0,-45.0,6.0,0.0,0.0,-45.0,0.0,0.0,1225.0,7.0,162.0,0.0,0.0,-100.0,0.0,0.0
226,25.680216789245605,-1.0,-45.0,6.0,0.0,0.0,-45.0,0.0,0.0,1225.0,7.0,162.0,0.0,0.0,-100.0,0.0,0.0
227,25.779704570770264,-1.0,-45.0,6.0,0.0,0.0,-45.0,0.0,0.0,1225.0,7.0,162.0,0.0,0.0,-100.0,0.0,0.0
228,25.870680809020996,-1.0,-45.0,6.0,0.0,0.0,-45.0,0.0,0.0,1225.0,7.0,162.0,0.0,0.0,-100.0,0.0,0.0
229,25.958966970443726,-1.0,-45.0,6.0,0.0,0.0,-45.0,0.0,0.0,1225.0,7.0,162.0,0.0,0.0,-100.0,0.0,0.0
230,26.053484678268433,-1.0,-45.0,6.0,0.0,0.0,-45.0,0.0,0.0,1225.0,7.0,162.0,0.0,0.0,-100.0,0.0,0.0
231,27.171749353408813,-1.0,-45.0,6.0,0.0,0.0,-45.0,0.0,0.0,1225.0,7.0,126.0,0.0,0.0,-100.0,0.0,0.0
232,27.267884731292725,-1.0,-45.0,6.0,0.0,0.0,-45.0,0.0,0.0,1223.0,7.0,-263.0,-19.0,0.0,-100.0,0.0,0.0
233,27.355988025665283,0.0,-45.0,6.0,0.0,0.0,-45.0,0.0,0.0,1080.0,-6.0,-403.0,-177.0,0.0,-100.0,0.0,0.0
234,27.459078550338745,-1.0,-45.0,6.0,0.0,0.0,-45.0,0.0,0.0,727.0,-37.0,-247.0,-252.0,0.0,-100.0,0.0,0.0
235,27.55591654777527,-1.0,-45.0,6.0,0.0,0.0,-45.0,0.0,0.0,357.0,-69.0,-73.0,-189.0,0.0,-100.0,0.0,0.0
236,27.650790452957153,-1.0,-45.0,6.0,0.0,0.0,-45.0,0.0,0.0,166.0,-86.0,-20.0,-73.0,0.0,-100.0,0.0,0.0
237,27.746069192886353,-1.0,-45.0,6.0,0.0,0.0,-45.0,0.0,0.0,132.0,-89.0,-78.0,-1.0,0.0,-100.0,0.0,0.0
238,27.842074871063232,-1.0,-45.0,6.0,0.0,0.0,-45.0,0.0,0.0,132.0,-89.0,-110.0,0.0,0.0,-100.0,0.0,0.0
239,27.937076091766357,-1.0,-45.0,6.0,0.0,0.0,-45.0,0.0,0.0,132.0,-89.0,-119.0,0.0,0.0,-100.0,0.0,0.0
240,28.034090518951416,-1.0,-45.0,6.0,0.0,0.0,-45.0,0.0,0.0,132.0,-89.0,-121.0,0.0,0.0,-100.0,0.0,0.0
241,28.12126874923706,-1.0,-45.0,6.0,0.0,0.0,-45.0,0.0,0.0,132.0,-89.0,-122.0,0.0,0.0,-100.0,0.0,0.0
242,28.214730501174927,0.0,-45.0,6.0,0.0,0.0,-45.0,0.0,0.0,132.0,-89.0,-122.0,0.0,0.0,-100.0,0.0,0.0
243,28.309521198272705,-1.0,-45.0,6.0,0.0,0.0,-45.0,0.0,0.0,132.0,-89.0,-122.0,0.0,0.0,-100.0,0.0,0.0
244,28.41845154762268,-1.0,-45.0,6.0,0.0,0.0,-45.0,0.0,0.0,132.0,-89.0,-122.0,0.0,0.0,-100.0,0.0,0.0
245,28.51505446434021,-1.0,-45.0,6.0,0.0,0.0,-45.0,0.0,0.0,132.0,-89.0,-122.0,0.0,0.0,-100.0,0.0,0.0
246,28.605506658554077,-1.0,-45.0,6.0,0.0,0.0,-45.0,0.0,0.0,132.0,-89.0,-122.0,0.0,0.0,-100.0,0.0,0.0
247,28.699080228805542,-1.0,-45.0,6.0,0.0,0.0,-45.0,0.0,0.0,132.0,-89.0,-122.0,0.0,0.0,-100.0,0.0,0.0
248,28.80144429206848,-1.0,-45.0,6.0,0.0,0.0,-45.0,0.0,0.0,132.0,-89.0,-122.0,0.0,0.0,-100.0,0.0,0.0
249,28.88802170753479,-1.0,-45.0,6.0,0.0,0.0,-45.0,0.0,0.0,132.0,-89.0,-122.0,0.0,0.0,-100.0,0.0,0.0
250,28.988462209701538,-1.0,-45.0,6.0,0.0,0.0,-45.0,0.0,0.0,132.0,-89.0,-122.0,0.0,0.0,-100.0,0.0,0.0
251,29.08863878250122,-1.0,-45.0,6.0,0.0,0.0,-45.0,0.0,0.0,132.0,-89.0,-122.0,0.0,0.0,-100.0,0.0,0.0
252,29.181395292282104,-1.0,-45.0,6.0,0.0,0.0,-45.0,0.0,0.0,132.0,-89.0,-122.0,0.0,0.0,-100.0,0.0,0.0
253,29.27659773826599,-1.0,-45.0,6.0,0.0,0.0,-45.0,0.0,0.0,132.0,-89.0,-122.0,0.0,0.0,-100.0,0.0,0.0
254,29.373368978500366,-1.0,-45.0,6.0,0.0,0.0,-45.0,0.0,0.0,132.0,-89.0,-122.0,0.0,0.0,-100.0,0.0,0.0
255,29.468740701675415,-1.0,-45.0,6.0,0.0,0.0,-45.0,0.0,0.0,132.0,-89.0,-122.0,0.0,0.0,-100.0,0.0,0.0
256,29.571709632873535,-1.0,-45.0,6.0,0.0,0.0,-45.0,0.0,0.0,132.0,-89.0,-122.0,0.0,0.0,-100.0,0.0,0.0
257,29.652964115142822,0.0,-45.0,6.0,0.0,0.0,-45.0,0.0,0.0,132.0,-89.0,-122.0,0.0,0.0,-100.0,0.0,0.0
258,29.763444423675537,-1.0,-45.0,6.0,0.0,0.0,-45.0,0.0,0.0,132.0,-89.0,-122.0,0.0,0.0,-100.0,0.0,0.0
259,29.851873874664307,-1.0,-45.0,6.0,0.0,0.0,-45.0,0.0,0.0,132.0,-89.0,-122.0,0.0,0.0,-100.0,0.0,0.0
260,29.946619033813477,-1.0,-45.0,6.0,0.0,0.0,-45.0,0.0,0.0,132.0,-89.0,-122.0,0.0,0.0,-100.0,0.0,0.0
261,30.04075527191162,-1.0,-45.0,6.0,0.0,0.0,-45.0,0.0,0.0,132.0,-89.0,-122.0,0.0,0.0,-100.0,0.0,0.0
262,30.14194393157959,-1.0,-45.0,6.0,0.0,0.0,-45.0,0.0,0.0,132.0,-89.0,-122.0,0.0,0.0,-100.0,0.0,0.0
263,30.240222215652466,-1.0,-45.0,6.0,0.0,0.0,-45.0,0.0,0.0,132.0,-89.0,-122.0,0.0,0.0,-100.0,0.0,0.0
264,30.338855743408203,-1.0,-45.0,6.0,0.0,0.0,-45.0,0.0,0.0,132.0,-89.0,-122.0,0.0,0.0,-100.0,0.0,0.0
265,30.434396266937256,-1.0,-45.0,6.0,0.0,0.0,-45.0,0.0,0.0,132.0,-89.0,-122.0,0.0,0.0,-100.0,0.0,0.0
266,30.529128074645996,-1.0,-45.0,6.0,0.0,0.0,-45.0,0.0,0.0,132.0,-89.0,-122.0,0.0,0.0,-100.0,0.0,0.0
267,30.62524914741516,-1.0,-45.0,6.0,0.0,0.0,-45.0,0.0,0.0,132.0,-89.0,-122.0,0.0,0.0,-100.0,0.0,0.0
268,30.72215700149536,-1.0,-45.0,6.0,0.0,0.0,-45.0,0.0,0.0,132.0,-89.0,-122.0,0.0,0.0,-100.0,0.0,0.0
269,30.807462453842163,-1.0,-45.0,6.0,0.0,0.0,-45.0,0.0,0.0,132.0,-89.0,-122.0,0.0,0.0,-100.0,0.0,0.0
270,30.901243925094604,-1.0,-45.0,6.0,0.0,0.0,-45.0,0.0,0.0,132.0,-89.0,-122.0,0.0,0.0,-100.0,0.0,0.0
271,31.001179695129395,-1.0,-45.0,6.0,0.0,0.0,-45.0,0.0,0.0,132.0,-89.0,-122.0,0.0,0.0,-100.0,0.0,0.0
272,31.200365781784058,-1.0,-45.0,6.0,0.0,0.0,-45.0,0.0,0.0,132.0,-89.0,-122.0,0.0,0.0,-100.0,0.0,0.0
273,31.29250717163086,-1.0,-45.0,6.0,0.0,0.0,-45.0,0.0,0.0,132.0,-89.0,-122.0,0.0,0.0,-100.0,0.0,0.0
274,31.395603895187378,-1.0,-45.0,6.0,0.0,0.0,-45.0,0.0,0.0,132.0,-89.0,-122.0,0.0,0.0,-100.0,0.0,0.0
275,31.490039348602295,-1.0,-45.0,6.0,0.0,0.0,-45.0,0.0,0.0,132.0,-89.0,-122.0,0.0,0.0,-100.0,0.0,0.0
276,31.58672857284546,-1.0,-45.0,6.0,0.0,0.0,-45.0,0.0,0.0,132.0,-89.0,-122.0,0.0,0.0,-100.0,0.0,0.0
277,31.68097734451294,-1.0,-45.0,6.0,0.0,0.0,-45.0,0.0,0.0,132.0,-89.0,-122.0,0.0,0.0,-100.0,0.0,0.0
278,31.77519130706787,-1.0,-45.0,6.0,0.0,0.0,-45.0,0.0,0.0,132.0,-89.0,-122.0,0.0,0.0,-100.0,0.0,0.0
279,31.86956810951233,-1.0,-45.0,6.0,0.0,0.0,-45.0,0.0,0.0,132.0,-89.0,-122.0,0.0,0.0,-100.0,0.0,0.0
280,31.964896202087402,-1.0,-45.0,6.0,0.0,0.0,-45.0,0.0,0.0,132.0,-89.0,-122.0,0.0,0.0,-100.0,0.0,0.0
281,32.060232400894165,-1.0,-45.0,6.0,0.0,0.0,-45.0,0.0,0.0,132.0,-89.0,-122.0,0.0,0.0,-100.0,0.0,0.0
282,32.15484595298767,-1.0,-45.0,6.0,0.0,0.0,-45.0,0.0,0.0,132.0,-89.0,-122.0,0.0,0.0,-100.0,0.0,0.0
283,32.25608706474304,-1.0,-45.0,6.0,0.0,0.0,-45.0,0.0,0.0,132.0,-89.0,-122.0,0.0,0.0,-100.0,0.0,0.0
284,32.352001667022705,-1.0,-45.0,6.0,0.0,0.0,-45.0,0.0,0.0,132.0,-89.0,-122.0,0.0,0.0,-100.0,0.0,0.0
285,32.448530435562134,-1.0,-45.0,6.0,0.0,0.0,-45.0,0.0,0.0,132.0,-89.0,-122.0,0.0,0.0,-100.0,0.0,0.0
286,32.54307532310486,-1.0,-45.0,6.0,0.0,0.0,-45.0,0.0,0.0,132.0,-89.0,-122.0,0.0,0.0,-100.0,0.0,0.0
287,32.63865613937378,-1.0,-45.0,6.0,0.0,0.0,-45.0,0.0,0.0,132.0,-89.0,-122.0,0.0,0.0,-100.0,0.0,0.0
288,32.73598337173462,-1.0,-45.0,6.0,0.0,0.0,-45.0,0.0,0.0,132.0,-89.0,-122.0,0.0,0.0,-100.0,0.0,0.0
289,32.820393562316895,-1.0,-45.0,6.0,0.0,0.0,-45.0,0.0,0.0,132.0,-89.0,-122.0,0.0,0.0,-100.0,0.0,0.0
290,33.93714952468872,-1.0,-45.0,6.0,0.0,0.0,-45.0,0.0,0.0,132.0,-89.0,-81.0,0.0,0.0,-100.0,0.0,0.0
291,34.032392501831055,-1.0,-45.0,6.0,0.0,0.0,-45.0,0.0,0.0,139.0,-88.0,296.0,26.0,0.0,-100.0,0.0,0.0
292,34.12748908996582,-1.0,-45.0,6.0,0.0,0.0,-45.0,0.0,0.0,256.0,-78.0,507.0,145.0,0.0,-100.0,0.0,0.0
293,34.22158408164978,-1.0,-45.0,6.0,0.0,0.0,-45.0,0.0,0.0,542.0,-53.0,386.0,207.0,0.0,-100.0,0.0,0.0
294,34.32144069671631,-1.0,-45.0,6.0,0.0,0.0,-45.0,0.0,0.0,887.0,-23.0,241.0,241.0,0.0,-100.0,0.0,0.0
295,34.41905355453491,-1.0,-45.0,6.0,0.0,0.0,-45.0,0.0,0.0,1196.0,5.0,70.0,101.0,0.0,-100.0,0.0,0.0
296,34.513867139816284,-1.0,-45.0,6.0,0.0,0.0,-45.0,0.0,0.0,1226.0,7.0,119.0,0.0,0.0,-100.0,0.0,0.0
297,34.60964632034302,-1.0,-45.0,6.0,0.0,0.0,-45.0,0.0,0.0,1226.0,7.0,145.0,0.0,0.0,-100.0,0.0,0.0
298,34.70346236228943,-1.0,-45.0,6.0,0.0,0.0,-45.0,0.0,0.0,1226.0,7.0,152.0,0.0,0.0,-100.0,0.0,0.0
299,34.80339050292969,-1.0,-45.0,6.0,0.0,0.0,-45.0,0.0,0.0,1226.0,7.0,154.0,0.0,0.0,-100.0,0.0,0.0
300,34.896061420440674,-1.0,-45.0,6.0,0.0,0.0,-45.0,0.0,0.0,1226.0,7.0,155.0,0.0,0.0,-100.0,0.0,0.0
301,34.98259663581848,-1.0,-45.0,6.0,0.0,0.0,-45.0,0.0,0.0,1226.0,7.0,155.0,0.0,0.0,-100.0,0.0,0.0
302,35.07801866531372,-1.0,-45.0,6.0,0.0,0.0,-45.0,0.0,0.0,1226.0,7.0,155.0,0.0,0.0,-100.0,0.0,0.0
303,35.18748736381531,-1.0,-45.0,6.0,0.0,0.0,-45.0,0.0,0.0,1226.0,7.0,155.0,0.0,0.0,-100.0,0.0,0.0
304,35.27900409698486,-1.0,-45.0,6.0,0.0,0.0,-45.0,0.0,0.0,1226.0,7.0,155.0,0.0,0.0,-100.0,0.0,0.0
305,35.36863708496094,-1.0,-45.0,6.0,0.0,0.0,-45.0,0.0,0.0,1226.0,7.0,155.0,0.0,0.0,-100.0,0.0,0.0
306,35.474786043167114,-1.0,-45.0,6.0,0.0,0.0,-45.0,0.0,0.0,1226.0,7.0,155.0,0.0,0.0,-100.0,0.0,0.0
307,35.56468415260315,-1.0,-45.0,6.0,0.0,0.0,-45.0,0.0,0.0,1226.0,7.0,155.0,0.0,0.0,-100.0,0.0,0.0
308,35.65900206565857,-1.0,-45.0,6.0,0.0,0.0,-45.0,0.0,0.0,1226.0,7.0,155.0,0.0,0.0,-100.0,0.0,0.0
309,35.7631139755249,-1.0,-45.0,6.0,0.0,0.0,-45.0,0.0,0.0,1226.0,7.0,155.0,0.0,0.0,-100.0,0.0,0.0
310,35.85014367103577,-1.0,-45.0,6.0,0.0,0.0,-45.0,0.0,0.0,1226.0,7.0,155.0,0.0,0.0,-100.0,0.0,0.0
311,35.953957319259644,-1.0,-45.0,6.0,0.0,0.0,-45.0,0.0,0.0,1226.0,7.0,155.0,0.0,0.0,-100.0,0.0,0.0
312,36.048983097076416,-1.0,-45.0,6.0,0.0,0.0,-45.0,0.0,0.0,1226.0,7.0,155.0,0.0,0.0,-100.0,0.0,0.0
313,36.14341855049133,-1.0,-45.0,6.0,0.0,0.0,-45.0,0.0,0.0,1226.0,7.0,155.0,0.0,0.0,-100.0,0.0,0.0
314,36.243539571762085,-1.0,-45.0,6.0,0.0,0.0,-45.0,0.0,0.0,1226.0,7.0,155.0,0.0,0.0,-100.0,0.0,0.0
315,36.326184034347534,-1.0,-45.0,6.0,0.0,0.0,-45.0,0.0,0.0,1226.0,7.0,155.0,0.0,0.0,-100.0,0.0,0.0
316,36.42205262184143,-1.0,-45.0,6.0,0.0,0.0,-45.0,0.0,0.0,1226.0,7.0,155.0,0.0,0.0,-100.0,0.0,0.0
317,36.51838231086731,-1.0,-45.0,6.0,0.0,0.0,-45.0,0.0,0.0,1226.0,7.0,155.0,0.0,0.0,-100.0,0.0,0.0
318,36.612783432006836,-1.0,-45.0,6.0,0.0,0.0,-45.0,0.0,0.0,1226.0,7.0,155.0,0.0,0.0,-100.0,0.0,0.0
319,36.708184003829956,-1.0,-45.0,6.0,0.0,0.0,-45.0,0.0,0.0,1226.0,7.0,155.0,0.0,0.0,-100.0,0.0,0.0
320,36.81248474121094,-1.0,-45.0,6.0,0.0,0.0,-45.0,0.0,0.0,1226.0,7.0,155.0,0.0,0.0,-100.0,0.0,0.0
321,36.90754818916321,-1.0,-45.0,6.0,0.0,0.0,-45.0,0.0,0.0,1226.0,7.0,155.0,0.0,0.0,-100.0,0.0,0.0
322,37.011534214019775,-1.0,-45.0,6.0,0.0,0.0,-45.0,0.0,0.0,1226.0,7.0,155.0,0.0,0.0,-100.0,0.0,0.0
323,37.10651755332947,-1.0,-45.0,6.0,0.0,0.0,-45.0,0.0,0.0,1226.0,7.0,155.0,0.0,0.0,-100.0,0.0,0.0
324,37.1932806968689,-1.0,-45.0,6.0,0.0,0.0,-45.0,0.0,0.0,1226.0,7.0,155.0,0.0,0.0,-100.0,0.0,0.0
325,37.29841494560242,-1.0,-45.0,6.0,0.0,0.0,-45.0,0.0,0.0,1226.0,7.0,155.0,0.0,0.0,-100.0,0.0,0.0
326,37.39227867126465,-1.0,-45.0,6.0,0.0,0.0,-45.0,0.0,0.0,1226.0,7.0,155.0,0.0,0.0,-100.0,0.0,0.0
327,37.48664045333862,-1.0,-45.0,6.0,0.0,0.0,-45.0,0.0,0.0,1226.0,7.0,155.0,0.0,0.0,-100.0,0.0,0.0
328,37.584641218185425,-1.0,-45.0,6.0,0.0,0.0,-45.0,0.0,0.0,1226.0,7.0,155.0,0.0,0.0,-100.0,0.0,0.0
329,37.67925977706909,-1.0,-45.0,6.0,0.0,0.0,-45.0,0.0,0.0,1226.0,7.0,155.0,0.0,0.0,-100.0,0.0,0.0
330,37.7781298160553,-1.0,-45.0,6.0,0.0,0.0,-45.0,0.0,0.0,1226.0,7.0,155.0,0.0,0.0,-100.0,0.0,0.0
331,37.86234474182129,-1.0,-45.0,6.0,0.0,0.0,-45.0,0.0,0.0,1226.0,7.0,155.0,0.0,0.0,-100.0,0.0,0.0
332,37.957021951675415,-1.0,-45.0,6.0,0.0,0.0,-45.0,0.0,0.0,1226.0,7.0,155.0,0.0,0.0,-100.0,0.0,0.0
333,38.06199049949646,-1.0,-45.0,6.0,0.0,0.0,-45.0,0.0,0.0,1226.0,7.0,155.0,0.0,0.0,-100.0,0.0,0.0
334,38.14942812919617,-1.0,-45.0,6.0,0.0,0.0,-45.0,0.0,0.0,1226.0,7.0,155.0,0.0,0.0,-100.0,0.0,0.0
335,38.248021841049194,-1.0,-45.0,6.0,0.0,0.0,-45.0,0.0,0.0,1226.0,7.0,155.0,0.0,0.0,-100.0,0.0,0.0
336,38.35485553741455,-1.0,-45.0,6.0,0.0,0.0,-45.0,0.0,0.0,1226.0,7.0,155.0,0.0,0.0,-100.0,0.0,0.0
337,38.441922664642334,-1.0,-45.0,6.0,0.0,0.0,-45.0,0.0,0.0,1226.0,7.0,155.0,0.0,0.0,-100.0,0.0,0.0
338,38.53657627105713,-1.0,-45.0,6.0,0.0,0.0,-45.0,0.0,0.0,1226.0,7.0,155.0,0.0,0.0,-100.0,0.0,0.0
339,38.63506507873535,-1.0,-45.0,6.0,0.0,0.0,-45.0,0.0,0.0,1226.0,7.0,155.0,0.0,0.0,-100.0,0.0,0.0
340,38.72899866104126,-1.0,-45.0,6.0,0.0,0.0,-45.0,0.0,0.0,1226.0,7.0,155.0,0.0,0.0,-100.0,0.0,0.0
341,38.833057165145874,-1.0,-45.0,6.0,0.0,0.0,-45.0,0.0,0.0,1226.0,7.0,155.0,0.0,0.0,-100.0,0.0,0.0
342,38.92776036262512,-1.0,-45.0,6.0,0.0,0.0,-45.0,0.0,0.0,1226.0,7.0,155.0,0.0,0.0,-100.0,0.0,0.0
343,39.022050857543945,-1.0,-45.0,6.0,0.0,0.0,-45.0,0.0,0.0,1226.0,7.0,155.0,0.0,0.0,-100.0,0.0,0.0
344,39.11873650550842,-1.0,-45.0,6.0,0.0,0.0,-45.0,0.0,0.0,1226.0,7.0,155.0,0.0,0.0,-100.0,0.0,0.0
345,39.21408772468567,-1.0,-45.0,6.0,0.0,0.0,-45.0,0.0,0.0,1226.0,7.0,155.0,0.0,0.0,-100.0,0.0,0.0
346,39.310546875,-1.0,-45.0,6.0,0.0,0.0,-45.0,0.0,0.0,1226.0,7.0,155.0,0.0,0.0,-100.0,0.0,0.0
347,39.41047716140747,-1.0,-45.0,6.0,0.0,0.0,-45.0,0.0,0.0,1226.0,7.0,155.0,0.0,0.0,-100.0,0.0,0.0
348,39.4992573261261,-1.0,-45.0,6.0,0.0,0.0,-45.0,0.0,0.0,1226.0,7.0,155.0,0.0,0.0,-100.0,0.0,0.0
349,39.59481501579285,-1.0,-45.0,6.0,0.0,0.0,-45.0,0.0,0.0,1226.0,7.0,155.0,0.0,0.0,-100.0,0.0,0.0
350,40.69924449920654,-1.0,-45.0,6.0,0.0,0.0,-45.0,0.0,0.0,1226.0,7.0,121.0,0.0,0.0,-100.0,0.0,0.0
351,40.79870820045471,-1.0,-45.0,6.0,0.0,0.0,-45.0,0.0,0.0,1224.0,7.0,-263.0,-19.0,0.0,-100.0,0.0,0.0
352,40.89280104637146,-1.0,-45.0,6.0,0.0,0.0,-45.0,0.0,0.0,1082.0,-5.0,-405.0,-176.0,0.0,-100.0,0.0,0.0
353,40.98740315437317,-1.0,-45.0,6.0,0.0,0.0,-45.0,0.0,0.0,729.0,-36.0,-248.0,-252.0,0.0,-100.0,0.0,0.0
354,41.08177638053894,-1.0,-45.0,6.0,0.0,0.0,-45.0,0.0,0.0,359.0,-69.0,-73.0,-190.0,0.0,-100.0,0.0,0.0
355,41.17616295814514,-1.0,-45.0,6.0,0.0,0.0,-45.0,0.0,0.0,167.0,-86.0,-20.0,-75.0,0.0,-100.0,0.0,0.0
356,41.28136396408081,-1.0,-45.0,6.0,0.0,0.0,-45.0,0.0,0.0,132.0,-89.0,-78.0,-1.0,0.0,-100.0,0.0,0.0
357,41.376380443573,-1.0,-45.0,6.0,0.0,0.0,-45.0,0.0,0.0,132.0,-89.0,-110.0,0.0,0.0,-100.0,0.0,0.0
358,41.47098112106323,-1.0,-45.0,6.0,0.0,0.0,-45.0,0.0,0.0,132.0,-89.0,-119.0,0.0,0.0,-100.0,0.0,0.0
359,41.5658700466156,-1.0,-45.0,6.0,0.0,0.0,-45.0,0.0,0.0,132.0,-89.0,-121.0,0.0,0.0,-100.0,0.0,0.0
360,41.66031050682068,-1.0,-45.0,6.0,0.0,0.0,-45.0,0.0,0.0,132.0,-89.0,-122.0,0.0,0.0,-100.0,0.0,0.0
361,41.75874590873718,-1.0,-45.0,6.0,0.0,0.0,-45.0,0.0,0.0,132.0,-89.0,-122.0,0.0,0.0,-100.0,0.0,0.0
362,41.8452410697937,-1.0,-45.0,6.0,0.0,0.0,-45.0,0.0,0.0,132.0,-89.0,-122.0,0.0,0.0,-100.0,0.0,0.0
363,41.94013071060181,-1.0,-45.0,6.0,0.0,0.0,-45.0,0.0,0.0,132.0,-89.0,-122.0,0.0,0.0,-100.0,0.0,0.0
364,42.14676094055176,-1.0,-45.0,6.0,0.0,0.0,-45.0,0.0,0.0,132.0,-89.0,-122.0,0.0,0.0,-100.0,0.0,0.0
365,42.24253821372986,-1.0,-45.0,6.0,0.0,0.0,-45.0,0.0,0.0,132.0,-89.0,-122.0,0.0,0.0,-100.0,0.0,0.0
366,42.330748558044434,-1.0,-45.0,6.0,0.0,0.0,-45.0,0.0,0.0,132.0,-89.0,-122.0,0.0,0.0,-100.0,0.0,0.0
367,42.42529082298279,-1.0,-45.0,6.0,0.0,0.0,-45.0,0.0,0.0,132.0,-89.0,-122.0,0.0,0.0,-100.0,0.0,0.0
368,42.51966834068298,-1.0,-45.0,6.0,0.0,0.0,-45.0,0.0,0.0,132.0,-89.0,-122.0,0.0,0.0,-100.0,0.0,0.0
369,42.61780071258545,-1.0,-45.0,6.0,0.0,0.0,-45.0,0.0,0.0,132.0,-89.0,-122.0,0.0,0.0,-100.0,0.0,0.0
370,42.71869468688965,-1.0,-45.0,6.0,0.0,0.0,-45.0,0.0,0.0,132.0,-89.0,-122.0,0.0,0.0,-100.0,0.0,0.0
371,42.81814908981323,-1.0,-45.0,6.0,0.0,0.0,-45.0,0.0,0.0,132.0,-89.0,-122.0,0.0,0.0,-100.0,0.0,0.0
372,42.911627531051636,-1.0,-45.0,6.0,0.0,0.0,-45.0,0.0,0.0,132.0,-89.0,-122.0,0.0,0.0,-100.0,0.0,0.0
373,43.008206605911255,-1.0,-45.0,6.0,0.0,0.0,-45.0,0.0,0.0,132.0,-89.0,-122.0,0.0,0.0,-100.0,0.0,0.0
374,43.10257935523987,-1.0,-45.0,6.0,0.0,0.0,-45.0,0.0,0.0,132.0,-89.0,-122.0,0.0,0.0,-100.0,0.0,0.0
375,43.19693183898926,-1.0,-45.0,6.0,0.0,0.0,-45.0,0.0,0.0,132.0,-89.0,-122.0,0.0,0.0,-100.0,0.0,0.0
376,43.29098415374756,-1.0,-45.0,6.0,0.0,0.0,-45.0,0.0,0.0,132.0,-89.0,-122.0,0.0,0.0,-100.0,0.0,0.0
377,43.38638496398926,-1.0,-45.0,6.0,0.0,0.0,-45.0,0.0,0.0,132.0,-89.0,-122.0,0.0,0.0,-100.0,0.0,0.0
378,43.48083519935608,-1.0,-45.0,6.0,0.0,0.0,-45.0,0.0,0.0,132.0,-89.0,-122.0,0.0,0.0,-100.0,0.0,0.0
379,43.57519865036011,-1.0,-45.0,6.0,0.0,0.0,-45.0,0.0,0.0,132.0,-89.0,-122.0,0.0,0.0,-100.0,0.0,0.0
380,43.670464515686035,-1.0,-45.0,6.0,0.0,0.0,-45.0,0.0,0.0,132.0,-89.0,-122.0,0.0,0.0,-100.0,0.0,0.0
381,43.77465343475342,-1.0,-45.0,6.0,0.0,0.0,-45.0,0.0,0.0,132.0,-89.0,-122.0,0.0,0.0,-100.0,0.0,0.0
382,43.874045848846436,-1.0,-45.0,6.0,0.0,0.0,-45.0,0.0,0.0,132.0,-89.0,-122.0,0.0,0.0,-100.0,0.0,0.0
383,43.95734977722168,-1.0,-45.0,6.0,0.0,0.0,-45.0,0.0,0.0,132.0,-89.0,-122.0,0.0,0.0,-100.0,0.0,0.0
384,44.05379605293274,-1.0,-45.0,6.0,0.0,0.0,-45.0,0.0,0.0,132.0,-89.0,-122.0,0.0,0.0,-100.0,0.0,0.0
385,44.15156698226929,-1.0,-45.0,6.0,0.0,0.0,-45.0,0.0,0.0,132.0,-89.0,-122.0,0.0,0.0,-100.0,0.0,0.0
386,44.256463050842285,-1.0,-45.0,6.0,0.0,0.0,-45.0,0.0,0.0,132.0,-89.0,-122.0,0.0,0.0,-100.0,0.0,0.0
387,44.345051288604736,-1.0,-45.0,6.0,0.0,0.0,-45.0,0.0,0.0,132.0,-89.0,-122.0,0.0,0.0,-100.0,0.0,0.0
388,44.44106936454773,-1.0,-45.0,6.0,0.0,0.0,-45.0,0.0,0.0,132.0,-89.0,-122.0,0.0,0.0,-100.0,0.0,0.0
389,44.53603768348694,-1.0,-45.0,6.0,0.0,0.0,-45.0,0.0,0.0,132.0,-89.0,-122.0,0.0,0.0,-100.0,0.0,0.0
390,44.630277156829834,-1.0,-45.0,6.0,0.0,0.0,-45.0,0.0,0.0,132.0,-89.0,-122.0,0.0,0.0,-100.0,0.0,0.0
391,44.72619009017944,-1.0,-45.0,6.0,0.0,0.0,-45.0,0.0,0.0,132.0,-89.0,-122.0,0.0,0.0,-100.0,0.0,0.0
392,44.8304340839386,-1.0,-45.0,6.0,0.0,0.0,-45.0,0.0,0.0,132.0,-89.0,-122.0,0.0,0.0,-100.0,0.0,0.0
393,44.92693114280701,-1.0,-45.0,6.0,0.0,0.0,-45.0,0.0,0.0,132.0,-89.0,-122.0,0.0,0.0,-100.0,0.0,0.0
394,45.02195596694946,-1.0,-45.0,6.0,0.0,0.0,-45.0,0.0,0.0,132.0,-89.0,-122.0,0.0,0.0,-100.0,0.0,0.0
395,45.2135705947876,-1.0,-45.0,6.0,0.0,0.0,-45.0,0.0,0.0,132.0,-89.0,-122.0,0.0,0.0,-100.0,0.0,0.0
396,45.311832904815674,-1.0,-45.0,6.0,0.0,0.0,-45.0,0.0,0.0,132.0,-89.0,-122.0,0.0,0.0,-100.0,0.0,0.0
397,45.40621018409729,-1.0,-45.0,6.0,0.0,0.0,-45.0,0.0,0.0,132.0,-89.0,-122.0,0.0,0.0,-100.0,0.0,0.0
398,45.50600075721741,-1.0,-45.0,6.0,0.0,0.0,-45.0,0.0,0.0,132.0,-89.0,-122.0,0.0,0.0,-100.0,0.0,0.0
399,45.59230875968933,-1.0,-45.0,6.0,0.0,0.0,-45.0,0.0,0.0,132.0,-89.0,-122.0,0.0,0.0,-100.0,0.0,0.0
400,45.686797857284546,-1.0,-45.0,6.0,0.0,0.0,-45.0,0.0,0.0,132.0,-89.0,-122.0,0.0,0.0,-100.0,0.0,0.0
401,45.79092335700989,-1.0,-45.0,6.0,0.0,0.0,-45.0,0.0,0.0,132.0,-89.0,-122.0,0.0,0.0,-100.0,0.0,0.0
402,45.88575339317322,-1.0,-45.0,6.0,0.0,0.0,-45.0,0.0,0.0,131.0,-89.0,-122.0,0.0,0.0,-100.0,0.0,0.0
403,45.981396198272705,-1.0,-45.0,6.0,0.0,0.0,-45.0,0.0,0.0,132.0,-89.0,-122.0,0.0,0.0,-100.0,0.0,0.0
404,46.076685190200806,-1.0,-45.0,6.0,0.0,0.0,-45.0,0.0,0.0,132.0,-89.0,-122.0,0.0,0.0,-100.0,0.0,0.0
405,46.17199945449829,-1.0,-45.0,6.0,0.0,0.0,-45.0,0.0,0.0,132.0,-89.0,-122.0,0.0,0.0,-100.0,0.0,0.0
406,46.27185130119324,-1.0,-45.0,6.0,0.0,0.0,-45.0,0.0,0.0,132.0,-89.0,-122.0,0.0,0.0,-100.0,0.0,0.0
407,47.47266173362732,-1.0,-45.0,6.0,0.0,0.0,-45.0,0.0,0.0,132.0,-89.0,-82.0,0.0,0.0,-100.0,0.0,0.0
408,47.570598125457764,-1.0,-45.0,6.0,0.0,0.0,-45.0,0.0,0.0,139.0,-88.0,295.0,26.0,0.0,-100.0,0.0,0.0
409,47.65645360946655,-1.0,-45.0,6.0,0.0,0.0,-45.0,0.0,0.0,255.0,-78.0,505.0,146.0,0.0,-100.0,0.0,0.0
410,47.762274742126465,-1.0,-45.0,6.0,0.0,0.0,-45.0,0.0,0.0,541.0,-53.0,386.0,207.0,0.0,-100.0,0.0,0.0
411,47.85819911956787,-1.0,-45.0,6.0,0.0,0.0,-45.0,0.0,0.0,885.0,-23.0,238.0,242.0,0.0,-100.0,0.0,0.0
412,47.95256686210632,-1.0,-45.0,6.0,0.0,0.0,-45.0,0.0,0.0,1196.0,5.0,69.0,100.0,0.0,-100.0,0.0,0.0
413,48.046929597854614,-1.0,-45.0,6.0,0.0,0.0,-45.0,0.0,0.0,1226.0,7.0,120.0,0.0,0.0,-100.0,0.0,0.0
414,48.14473509788513,-1.0,-45.0,6.0,0.0,0.0,-45.0,0.0,0.0,1226.0,7.0,145.0,0.0,0.0,-100.0,0.0,0.0
415,48.240485429763794,-1.0,-45.0,6.0,0.0,0.0,-45.0,0.0,0.0,1226.0,7.0,151.0,0.0,0.0,-100.0,0.0,0.0
416,48.329221963882446,-1.0,-45.0,6.0,0.0,0.0,-45.0,0.0,0.0,1226.0,7.0,153.0,0.0,0.0,-100.0,0.0,0.0
417,48.42926478385925,-1.0,-45.0,6.0,0.0,0.0,-45.0,0.0,0.0,1227.0,7.0,153.0,0.0,0.0,-100.0,0.0,0.0
418,48.620137214660645,-1.0,-45.0,6.0,0.0,0.0,-45.0,0.0,0.0,1227.0,7.0,152.0,0.0,0.0,-100.0,0.0,0.0
419,48.70802617073059,-1.0,-45.0,6.0,0.0,0.0,-45.0,0.0,0.0,1227.0,7.0,151.0,0.0,0.0,-100.0,0.0,0.0
420,48.907381772994995,-1.0,-45.0,6.0,0.0,0.0,-45.0,0.0,0.0,1227.0,7.0,151.0,0.0,0.0,-100.0,0.0,0.0
421,49.00976777076721,-1.0,-45.0,6.0,0.0,0.0,-45.0,0.0,0.0,1227.0,7.0,151.0,0.0,0.0,-100.0,0.0,0.0
422,49.096394777297974,-1.0,-45.0,6.0,0.0,0.0,-45.0,0.0,0.0,1227.0,7.0,151.0,0.0,0.0,-100.0,0.0,0.0
423,49.2026743888855,-1.0,-45.0,6.0,0.0,0.0,-45.0,0.0,0.0,1227.0,7.0,150.0,0.0,0.0,-100.0,0.0,0.0
424,49.29324412345886,-1.0,-45.0,6.0,0.0,0.0,-45.0,0.0,0.0,1226.0,7.0,150.0,0.0,0.0,-100.0,0.0,0.0
425,49.38787531852722,-1.0,-45.0,6.0,0.0,0.0,-45.0,0.0,0.0,1227.0,7.0,150.0,0.0,0.0,-100.0,0.0,0.0
426,49.48384070396423,-1.0,-45.0,6.0,0.0,0.0,-45.0,0.0,0.0,1226.0,7.0,150.0,0.0,0.0,-100.0,0.0,0.0
427,49.57797169685364,-1.0,-45.0,6.0,0.0,0.0,-45.0,0.0,0.0,1226.0,7.0,150.0,0.0,0.0,-100.0,0.0,0.0
428,49.672423362731934,-1.0,-45.0,6.0,0.0,0.0,-45.0,0.0,0.0,1227.0,7.0,150.0,0.0,0.0,-100.0,0.0,0.0
429,49.77682089805603,-1.0,-45.0,6.0,0.0,0.0,-45.0,0.0,0.0,1227.0,7.0,150.0,0.0,0.0,-100.0,0.0,0.0
430,49.871928691864014,-1.0,-45.0,6.0,0.0,0.0,-45.0,0.0,0.0,1227.0,7.0,150.0,0.0,0.0,-100.0,0.0,0.0
431,49.96684908866882,-1.0,-45.0,6.0,0.0,0.0,-45.0,0.0,0.0,1227.0,7.0,150.0,0.0,0.0,-100.0,0.0,0.0
432,50.06246089935303,-1.0,-45.0,6.0,0.0,0.0,-45.0,0.0,0.0,1227.0,7.0,150.0,0.0,0.0,-100.0,0.0,0.0
433,50.157044887542725,-1.0,-45.0,6.0,0.0,0.0,-45.0,0.0,0.0,1227.0,7.0,150.0,0.0,0.0,-100.0,0.0,0.0
434,50.251856088638306,-1.0,-45.0,6.0,0.0,0.0,-45.0,0.0,0.0,1227.0,7.0,150.0,0.0,0.0,-100.0,0.0,0.0
435,50.33977484703064,-1.0,-45.0,6.0,0.0,0.0,-45.0,0.0,0.0,1227.0,7.0,150.0,0.0,0.0,-100.0,0.0,0.0
436,50.45010471343994,-1.0,-45.0,6.0,0.0,0.0,-45.0,0.0,0.0,1227.0,7.0,150.0,0.0,0.0,-100.0,0.0,0.0
437,50.54513168334961,-1.0,-45.0,6.0,0.0,0.0,-45.0,0.0,0.0,1227.0,7.0,150.0,0.0,0.0,-100.0,0.0,0.0
438,50.63996982574463,-1.0,-45.0,6.0,0.0,0.0,-45.0,0.0,0.0,1226.0,7.0,150.0,0.0,0.0,-100.0,0.0,0.0
439,50.73782706260681,-1.0,-45.0,6.0,0.0,0.0,-45.0,0.0,0.0,1227.0,7.0,150.0,0.0,0.0,-100.0,0.0,0.0
440,50.83425164222717,-1.0,-45.0,6.0,0.0,0.0,-45.0,0.0,0.0,1227.0,7.0,150.0,0.0,0.0,-100.0,0.0,0.0
441,50.917001724243164,-1.0,-45.0,6.0,0.0,0.0,-45.0,0.0,0.0,1227.0,7.0,150.0,0.0,0.0,-100.0,0.0,0.0
442,51.01145696640015,-1.0,-45.0,6.0,0.0,0.0,-45.0,0.0,0.0,1227.0,7.0,150.0,0.0,0.0,-100.0,0.0,0.0
443,51.207056522369385,-1.0,-45.0,6.0,0.0,0.0,-45.0,0.0,0.0,1227.0,7.0,150.0,0.0,0.0,-100.0,0.0,0.0
444,51.30869960784912,-1.0,-45.0,6.0,0.0,0.0,-45.0,0.0,0.0,1227.0,7.0,150.0,0.0,0.0,-100.0,0.0,0.0
445,51.40434145927429,-1.0,-45.0,6.0,0.0,0.0,-45.0,0.0,0.0,1227.0,7.0,150.0,0.0,0.0,-100.0,0.0,0.0
446,51.498127937316895,-1.0,-45.0,6.0,0.0,0.0,-45.0,0.0,0.0,1227.0,7.0,150.0,0.0,0.0,-100.0,0.0,0.0
447,51.595585107803345,-1.0,-45.0,6.0,0.0,0.0,-45.0,0.0,0.0,1227.0,7.0,150.0,0.0,0.0,-100.0,0.0,0.0
448,51.69008207321167,-1.0,-45.0,6.0,0.0,0.0,-45.0,0.0,0.0,1227.0,7.0,150.0,0.0,0.0,-100.0,0.0,0.0
449,51.79163312911987,-1.0,-45.0,6.0,0.0,0.0,-45.0,0.0,0.0,1227.0,7.0,150.0,0.0,0.0,-100.0,0.0,0.0
450,51.89037108421326,-1.0,-45.0,6.0,0.0,0.0,-45.0,0.0,0.0,1227.0,7.0,150.0,0.0,0.0,-100.0,0.0,0.0
451,51.984538316726685,-1.0,-45.0,6.0,0.0,0.0,-45.0,0.0,0.0,1227.0,7.0,150.0,0.0,0.0,-100.0,0.0,0.0
452,52.07843828201294,-1.0,-45.0,6.0,0.0,0.0,-45.0,0.0,0.0,1227.0,7.0,150.0,0.0,0.0,-100.0,0.0,0.0
453,52.17279291152954,-1.0,-45.0,6.0,0.0,0.0,-45.0,0.0,0.0,1227.0,7.0,150.0,0.0,0.0,-100.0,0.0,0.0
454,52.2676260471344,-1.0,-45.0,6.0,0.0,0.0,-45.0,0.0,0.0,1227.0,7.0,150.0,0.0,0.0,-100.0,0.0,0.0
455,52.367167711257935,-1.0,-45.0,6.0,0.0,0.0,-45.0,0.0,0.0,1227.0,7.0,150.0,0.0,0.0,-100.0,0.0,0.0
456,52.45380640029907,-1.0,-45.0,6.0,0.0,0.0,-45.0,0.0,0.0,1227.0,7.0,150.0,0.0,0.0,-100.0,0.0,0.0
457,52.54923224449158,-1.0,-45.0,6.0,0.0,0.0,-45.0,0.0,0.0,1227.0,7.0,150.0,0.0,0.0,-100.0,0.0,0.0
458,52.643165588378906,-1.0,-45.0,6.0,0.0,0.0,-45.0,0.0,0.0,1227.0,7.0,150.0,0.0,0.0,-100.0,0.0,0.0
459,52.75162887573242,-1.0,-45.0,6.0,0.0,0.0,-45.0,0.0,0.0,1227.0,7.0,150.0,0.0,0.0,-100.0,0.0,0.0
460,52.84783411026001,-1.0,-45.0,6.0,0.0,0.0,-45.0,0.0,0.0,1227.0,7.0,150.0,0.0,0.0,-100.0,0.0,0.0
461,52.94452095031738,-1.0,-45.0,6.0,0.0,0.0,-45.0,0.0,0.0,1227.0,7.0,150.0,0.0,0.0,-100.0,0.0,0.0
462,53.03933763504028,-1.0,-45.0,6.0,0.0,0.0,-45.0,0.0,0.0,1227.0,7.0,150.0,0.0,0.0,-100.0,0.0,0.0
463,53.133177042007446,-1.0,-45.0,6.0,0.0,0.0,-45.0,0.0,0.0,1227.0,7.0,150.0,0.0,0.0,-100.0,0.0,0.0
464,54.24233388900757,-1.0,-45.0,6.0,0.0,0.0,-45.0,0.0,0.0,1227.0,7.0,116.0,0.0,0.0,-100.0,0.0,0.0
465,54.33698749542236,-1.0,-45.0,6.0,0.0,0.0,-45.0,0.0,0.0,1225.0,7.0,-262.0,-20.0,0.0,-100.0,0.0,0.0
466,54.433175802230835,-1.0,-45.0,6.0,0.0,0.0,-45.0,0.0,0.0,1082.0,-5.0,-399.0,-177.0,0.0,-100.0,0.0,0.0
467,54.520873069763184,-1.0,-45.0,6.0,0.0,0.0,-45.0,0.0,0.0,731.0,-36.0,-243.0,-252.0,0.0,-100.0,0.0,0.0
468,54.6167151927948,-1.0,-45.0,6.0,0.0,0.0,-45.0,0.0,0.0,358.0,-69.0,-72.0,-189.0,0.0,-100.0,0.0,0.0
469,54.7116584777832,-1.0,-45.0,6.0,0.0,0.0,-45.0,0.0,0.0,167.0,-86.0,-20.0,-76.0,0.0,-100.0,0.0,0.0
470,54.8167610168457,-1.0,-45.0,6.0,0.0,0.0,-45.0,0.0,0.0,132.0,-89.0,-79.0,-1.0,0.0,-100.0,0.0,0.0
471,54.91241502761841,-1.0,-45.0,6.0,0.0,0.0,-45.0,0.0,0.0,132.0,-89.0,-109.0,0.0,0.0,-100.0,0.0,0.0
472,55.0072386264801,-1.0,-45.0,6.0,0.0,0.0,-45.0,0.0,0.0,131.0,-89.0,-118.0,0.0,0.0,-100.0,0.0,0.0
473,55.10370707511902,-1.0,-45.0,6.0,0.0,0.0,-45.0,0.0,0.0,132.0,-89.0,-120.0,0.0,0.0,-100.0,0.0,0.0
474,55.19977521896362,-1.0,-45.0,6.0,0.0,0.0,-45.0,0.0,0.0,132.0,-89.0,-121.0,0.0,0.0,-100.0,0.0,0.0
475,55.29833722114563,-1.0,-45.0,6.0,0.0,0.0,-45.0,0.0,0.0,131.0,-89.0,-121.0,0.0,0.0,-100.0,0.0,0.0
476,55.38680720329285,-1.0,-45.0,6.0,0.0,0.0,-45.0,0.0,0.0,131.0,-89.0,-120.0,0.0,0.0,-100.0,0.0,0.0
477,55.48588037490845,-1.0,-45.0,6.0,0.0,0.0,-45.0,0.0,0.0,131.0,-89.0,-121.0,0.0,0.0,-100.0,0.0,0.0
478,55.5786828994751,-1.0,-45.0,6.0,0.0,0.0,-45.0,0.0,0.0,131.0,-89.0,-120.0,0.0,0.0,-100.0,0.0,0.0
479,55.67234206199646,-1.0,-45.0,6.0,0.0,0.0,-45.0,0.0,0.0,132.0,-89.0,-120.0,0.0,0.0,-100.0,0.0,0.0
480,55.77295398712158,-1.0,-45.0,6.0,0.0,0.0,-45.0,0.0,0.0,131.0,-89.0,-120.0,0.0,0.0,-100.0,0.0,0.0
481,55.86853551864624,-1.0,-45.0,6.0,0.0,0.0,-45.0,0.0,0.0,131.0,-89.0,-120.0,0.0,0.0,-100.0,0.0,0.0
482,55.963480949401855,-1.0,-45.0,6.0,0.0,0.0,-45.0,0.0,0.0,132.0,-89.0,-120.0,0.0,0.0,-100.0,0.0,0.0
483,56.06613326072693,-1.0,-45.0,6.0,0.0,0.0,-45.0,0.0,0.0,131.0,-89.0,-119.0,0.0,0.0,-100.0,0.0,0.0
484,56.1612024307251,-1.0,-45.0,6.0,0.0,0.0,-45.0,0.0,0.0,132.0,-89.0,-120.0,0.0,0.0,-100.0,0.0,0.0
485,56.257330894470215,-1.0,-45.0,6.0,0.0,0.0,-45.0,0.0,0.0,131.0,-89.0,-119.0,0.0,0.0,-100.0,0.0,0.0
486,56.346378326416016,-1.0,-45.0,6.0,0.0,0.0,-45.0,0.0,0.0,132.0,-89.0,-119.0,0.0,0.0,-100.0,0.0,0.0
487,56.44590759277344,-1.0,-45.0,6.0,0.0,0.0,-45.0,0.0,0.0,131.0,-89.0,-119.0,0.0,0.0,-100.0,0.0,0.0
488,56.63296842575073,-1.0,-45.0,6.0,0.0,0.0,-45.0,0.0,0.0,132.0,-89.0,-119.0,0.0,0.0,-100.0,0.0,0.0
489,56.72785544395447,-1.0,-45.0,6.0,0.0,0.0,-45.0,0.0,0.0,132.0,-89.0,-118.0,0.0,0.0,-100.0,0.0,0.0
490,56.832043170928955,-1.0,-45.0,6.0,0.0,0.0,-45.0,0.0,0.0,131.0,-89.0,-119.0,0.0,0.0,-100.0,0.0,0.0
491,56.926475286483765,-1.0,-45.0,6.0,0.0,0.0,-45.0,0.0,0.0,132.0,-89.0,-118.0,0.0,0.0,-100.0,0.0,0.0
492,57.02333474159241,-1.0,-45.0,6.0,0.0,0.0,-45.0,0.0,0.0,131.0,-89.0,-118.0,0.0,0.0,-100.0,0.0,0.0
493,57.11898851394653,-1.0,-45.0,6.0,0.0,0.0,-45.0,0.0,0.0,131.0,-89.0,-118.0,0.0,0.0,-100.0,0.0,0.0
494,57.203619956970215,-1.0,-45.0,6.0,0.0,0.0,-45.0,0.0,0.0,131.0,-89.0,-118.0,0.0,0.0,-100.0,0.0,0.0
495,57.400991678237915,-1.0,-45.0,6.0,0.0,0.0,-45.0,0.0,0.0,131.0,-89.0,-118.0,0.0,0.0,-100.0,0.0,0.0
496,57.49523568153381,-1.0,-45.0,6.0,0.0,0.0,-45.0,0.0,0.0,131.0,-89.0,-118.0,0.0,0.0,-100.0,0.0,0.0
497,57.591275215148926,-1.0,-45.0,6.0,0.0,0.0,-45.0,0.0,0.0,131.0,-89.0,-118.0,0.0,0.0,-100.0,0.0,0.0
498,57.686726808547974,-1.0,-45.0,6.0,0.0,0.0,-45.0,0.0,0.0,131.0,-89.0,-117.0,0.0,0.0,-100.0,0.0,0.0
499,57.78868222236633,-1.0,-45.0,6.0,0.0,0.0,-45.0,0.0,0.0,131.0,-89.0,-117.0,0.0,0.0,-100.0,0.0,0.0
500,57.883517265319824,-1.0,-45.0,6.0,0.0,0.0,-45.0,0.0,0.0,131.0,-89.0,-117.0,0.0,0.0,-100.0,0.0,0.0
501,57.977184772491455,-1.0,-45.0,6.0,0.0,0.0,-45.0,0.0,0.0,131.0,-89.0,-117.0,0.0,0.0,-100.0,0.0,0.0
502,58.073835134506226,-1.0,-45.0,6.0,0.0,0.0,-45.0,0.0,0.0,131.0,-89.0,-117.0,0.0,0.0,-100.0,0.0,0.0
503,58.16816020011902,-1.0,-45.0,6.0,0.0,0.0,-45.0,0.0,0.0,131.0,-89.0,-117.0,0.0,0.0,-100.0,0.0,0.0
504,58.27147555351257,-1.0,-45.0,6.0,0.0,0.0,-45.0,0.0,0.0,131.0,-89.0,-117.0,0.0,0.0,-100.0,0.0,0.0
505,58.368478536605835,-1.0,-45.0,6.0,0.0,0.0,-45.0,0.0,0.0,131.0,-89.0,-118.0,0.0,0.0,-100.0,0.0,0.0
506,58.46232199668884,-1.0,-45.0,6.0,0.0,0.0,-45.0,0.0,0.0,132.0,-89.0,-118.0,0.0,0.0,-100.0,0.0,0.0
507,58.55692768096924,-1.0,-45.0,6.0,0.0,0.0,-45.0,0.0,0.0,131.0,-89.0,-117.0,0.0,0.0,-100.0,0.0,0.0
508,58.652408838272095,-1.0,-45.0,6.0,0.0,0.0,-45.0,0.0,0.0,131.0,-89.0,-117.0,0.0,0.0,-100.0,0.0,0.0
509,58.74952745437622,-1.0,-45.0,6.0,0.0,0.0,-45.0,0.0,0.0,131.0,-89.0,-117.0,0.0,0.0,-100.0,0.0,0.0
510,58.84943127632141,-1.0,-45.0,6.0,0.0,0.0,-45.0,0.0,0.0,131.0,-89.0,-118.0,0.0,0.0,-100.0,0.0,0.0
511,58.94468021392822,-1.0,-45.0,6.0,0.0,0.0,-45.0,0.0,0.0,132.0,-89.0,-117.0,0.0,0.0,-100.0,0.0,0.0
512,59.041661739349365,-1.0,-45.0,6.0,0.0,0.0,-45.0,0.0,0.0,131.0,-89.0,-117.0,0.0,0.0,-100.0,0.0,0.0
513,59.13604283332825,-1.0,-45.0,6.0,0.0,0.0,-45.0,0.0,0.0,131.0,-89.0,-117.0,0.0,0.0,-100.0,0.0,0.0
514,59.230379819869995,-1.0,-45.0,6.0,0.0,0.0,-45.0,0.0,0.0,131.0,-89.0,-117.0,0.0,0.0,-100.0,0.0,0.0
515,59.31785988807678,-1.0,-45.0,6.0,0.0,0.0,-45.0,0.0,0.0,131.0,-89.0,-117.0,0.0,0.0,-100.0,0.0,0.0
516,59.412728786468506,-1.0,-45.0,6.0,0.0,0.0,-45.0,0.0,0.0,131.0,-89.0,-117.0,0.0,0.0,-100.0,0.0,0.0
517,59.507415533065796,-1.0,-45.0,6.0,0.0,0.0,-45.0,0.0,0.0,131.0,-89.0,-117.0,0.0,0.0,-100.0,0.0,0.0
518,59.61760354042053,-1.0,-45.0,6.0,0.0,0.0,-45.0,0.0,0.0,131.0,-89.0,-117.0,0.0,0.0,-100.0,0.0,0.0
519,59.71382522583008,-1.0,-45.0,6.0,0.0,0.0,-45.0,0.0,0.0,131.0,-89.0,-117.0,0.0,0.0,-100.0,0.0,0.0
520,59.809261083602905,-1.0,-45.0,6.0,0.0,0.0,-45.0,0.0,0.0,131.0,-89.0,-117.0,0.0,0.0,-100.0,0.0,0.0
521,59.895880699157715,-1.0,-45.0,6.0,0.0,0.0,-45.0,0.0,0.0,131.0,-89.0,-117.0,0.0,0.0,-100.0,0.0,0.0
